Tempo [s],Temperatura [K],Na,Cl,NaCl
0.0,1.080566966869139,90.0,10.0,0.0
0.016666666666666666,1.080566966869139,90.0,10.0,0.0
0.03333333333333333,1.0360396549589401,90.0,10.0,0.0
0.05,0.9707094855354577,90.0,10.0,0.0
0.06666666666666667,0.9711076672661565,90.0,10.0,0.0
0.08333333333333333,0.9165564520203607,90.0,10.0,0.0
0.09999999999999999,0.8853042144025102,90.0,10.0,0.0
0.11666666666666665,0.8579461423567096,90.0,10.0,0.0
0.13333333333333333,0.8557319518868794,89.0,9.0,1.0
0.15,0.8330049028697449,89.0,9.0,1.0
0.16666666666666666,0.8330049028697449,89.0,9.0,1.0
0.18333333333333332,0.7903664333979833,89.0,9.0,1.0
0.19999999999999998,0.7849004839931677,89.0,9.0,1.0
0.21666666666666665,0.7736707001332134,89.0,9.0,1.0
0.2333333333333333,0.7414485212074312,89.0,9.0,1.0
0.24999999999999997,0.7057542043917174,89.0,9.0,1.0
0.26666666666666666,0.680395525045109,87.0,7.0,3.0
0.2833333333333333,0.6669316002248707,87.0,7.0,3.0
0.3,0.6489280146679506,86.0,6.0,4.0
0.31666666666666665,0.6287447147146944,86.0,6.0,4.0
0.3333333333333333,0.6169387688915384,86.0,6.0,4.0
0.35,0.6059638396903521,86.0,6.0,4.0
0.36666666666666664,0.5879273156405851,86.0,6.0,4.0
0.3833333333333333,0.5644435592623802,86.0,6.0,4.0
0.39999999999999997,0.5543565691721122,86.0,6.0,4.0
0.41666666666666663,0.5190185879761363,86.0,6.0,4.0
0.4333333333333333,0.5106195172614691,86.0,6.0,4.0
0.44999999999999996,0.49991109196472044,86.0,6.0,4.0
0.4666666666666666,0.4766006563300057,86.0,6.0,4.0
0.4833333333333333,0.46501345391111476,86.0,6.0,4.0
0.49999999999999994,0.4581311818513747,85.0,5.0,5.0
0.5166666666666666,0.4581311818513747,85.0,5.0,5.0
0.5333333333333333,0.43879711582379155,85.0,5.0,5.0
0.55,0.438814186655482,85.0,5.0,5.0
0.5666666666666668,0.41747381440432674,85.0,5.0,5.0
0.5833333333333335,0.3961033824559294,84.0,4.0,6.0
0.6000000000000002,0.39694668637543956,84.0,4.0,6.0
0.6166666666666669,0.3802149385981729,84.0,4.0,6.0
0.6333333333333336,0.35635768165012793,84.0,4.0,6.0
0.6500000000000004,0.35635768165012793,84.0,4.0,6.0
0.6666666666666671,0.35038685765347255,83.0,3.0,7.0
0.6833333333333338,0.35038685765347255,83.0,3.0,7.0
0.7000000000000005,0.33372089525185133,83.0,3.0,7.0
0.7166666666666672,0.34685751730330144,81.0,2.0,9.0
0.733333333333334,0.330175716268186,81.0,2.0,9.0
0.7500000000000007,0.330175716268186,81.0,2.0,9.0
0.7666666666666674,0.31438069016993586,81.0,2.0,9.0
0.7833333333333341,0.31438069016993586,81.0,2.0,9.0
0.8000000000000008,0.30221813773589185,81.0,2.0,9.0
0.8166666666666675,0.30221813773589185,81.0,2.0,9.0
0.8333333333333343,0.30304539740025277,81.0,2.0,9.0
0.850000000000001,0.30304539740025277,81.0,2.0,9.0
0.8666666666666677,0.30304787086887536,81.0,2.0,9.0
0.8833333333333344,0.30304787086887536,81.0,2.0,9.0
0.9000000000000011,0.28510240812145926,81.0,2.0,9.0
0.9166666666666679,0.28563041592436045,81.0,2.0,9.0
0.9333333333333346,0.28563041592436045,81.0,2.0,9.0
0.9500000000000013,0.28563041592436045,81.0,2.0,9.0
0.966666666666668,0.2894879828373955,80.0,1.0,10.0
0.9833333333333347,0.29554365429810964,80.0,1.0,10.0
1.0000000000000013,0.2813882962908733,80.0,1.0,10.0
1.016666666666668,0.2813882962908733,80.0,1.0,10.0
1.0333333333333345,0.2813882962908733,80.0,1.0,10.0
1.0500000000000012,0.2813882962908733,80.0,1.0,10.0
1.0666666666666678,0.2813882962908733,80.0,1.0,10.0
1.0833333333333344,0.26874971440984186,80.0,1.0,10.0
1.100000000000001,0.27220966380298867,80.0,1.0,10.0
1.1166666666666676,0.2581779217290908,80.0,1.0,10.0
1.1333333333333342,0.24725225807197798,80.0,1.0,10.0
1.1500000000000008,0.24725225807197798,80.0,1.0,10.0
1.1666666666666674,0.23548395871811584,80.0,1.0,10.0
1.183333333333334,0.22901515510733714,80.0,1.0,10.0
1.2000000000000006,0.22901515510733714,80.0,1.0,10.0
1.2166666666666672,0.22901515510733714,80.0,1.0,10.0
1.2333333333333338,0.22901515510733714,80.0,1.0,10.0
1.2500000000000004,0.22901515510733714,80.0,1.0,10.0
1.266666666666667,0.22901515510733714,80.0,1.0,10.0
1.2833333333333337,0.22901515510733714,80.0,1.0,10.0
1.3000000000000003,0.22901515510733714,80.0,1.0,10.0
1.3166666666666669,0.22901515510733714,80.0,1.0,10.0
1.3333333333333335,0.22199065990685954,79.0,0.0,11.0
1.35,0.22199065990685954,79.0,0.0,11.0
1.3666666666666667,0.22199065990685954,79.0,0.0,11.0
1.3833333333333333,0.21805960783717432,79.0,0.0,11.0
1.4,0.20605151833961274,79.0,0.0,11.0
1.4166666666666665,0.20605151833961274,79.0,0.0,11.0
1.4333333333333331,0.20605151833961274,79.0,0.0,11.0
1.4499999999999997,0.2112145594580652,79.0,0.0,11.0
1.4666666666666663,0.21515668755640394,79.0,0.0,11.0
1.483333333333333,0.21515668755640394,79.0,0.0,11.0
1.4999999999999996,0.21515668755640394,79.0,0.0,11.0
1.5166666666666662,0.21515668755640394,79.0,0.0,11.0
1.5333333333333328,0.21515668755640394,79.0,0.0,11.0
1.5499999999999994,0.21515668755640394,79.0,0.0,11.0
1.566666666666666,0.1932491560642361,79.0,0.0,11.0
1.5833333333333326,0.1932491560642361,79.0,0.0,11.0
1.5999999999999992,0.1932491560642361,79.0,0.0,11.0
1.6166666666666658,0.1932491560642361,79.0,0.0,11.0
1.6333333333333324,0.1932491560642361,79.0,0.0,11.0
1.649999999999999,0.1932491560642361,79.0,0.0,11.0
1.6666666666666656,0.1932491560642361,79.0,0.0,11.0
1.6833333333333322,0.1932491560642361,79.0,0.0,11.0
1.6999999999999988,0.19360149518825567,79.0,0.0,11.0
1.7166666666666655,0.19360149518825567,79.0,0.0,11.0
1.733333333333332,0.19371622580145412,79.0,0.0,11.0
1.7499999999999987,0.19371622580145412,79.0,0.0,11.0
1.7666666666666653,0.19371622580145412,79.0,0.0,11.0
1.7833333333333319,0.19371622580145412,79.0,0.0,11.0
1.7999999999999985,0.19371622580145412,79.0,0.0,11.0
1.816666666666665,0.19371622580145412,79.0,0.0,11.0
1.8333333333333317,0.19371622580145412,79.0,0.0,11.0
1.8499999999999983,0.198827897511491,79.0,0.0,11.0
1.866666666666665,0.198827897511491,79.0,0.0,11.0
1.8833333333333315,0.198827897511491,79.0,0.0,11.0
1.8999999999999981,0.19309807967650452,79.0,0.0,11.0
1.9166666666666647,0.19309807967650452,79.0,0.0,11.0
1.9333333333333313,0.19309807967650452,79.0,0.0,11.0
1.949999999999998,0.1848714798802007,79.0,0.0,11.0
1.9666666666666646,0.1848714798802007,79.0,0.0,11.0
1.9833333333333312,0.1848714798802007,79.0,0.0,11.0
1.9999999999999978,0.1848714798802007,79.0,0.0,11.0
2.0166666666666644,0.1848714798802007,79.0,0.0,11.0
2.033333333333331,0.1848714798802007,79.0,0.0,11.0
2.0499999999999976,0.17796112219091606,79.0,0.0,11.0
2.066666666666664,0.17796112219091606,79.0,0.0,11.0
2.083333333333331,0.17796112219091606,79.0,0.0,11.0
2.0999999999999974,0.17796112219091606,79.0,0.0,11.0
2.116666666666664,0.17796112219091606,79.0,0.0,11.0
2.1333333333333306,0.17796112219091606,79.0,0.0,11.0
2.1499999999999972,0.17796112219091606,79.0,0.0,11.0
2.166666666666664,0.17796112219091606,79.0,0.0,11.0
2.1833333333333305,0.17796112219091606,79.0,0.0,11.0
2.199999999999997,0.17796112219091606,79.0,0.0,11.0
2.2166666666666637,0.17715415909371374,79.0,0.0,11.0
2.2333333333333303,0.17715415909371374,79.0,0.0,11.0
2.249999999999997,0.17715415909371374,79.0,0.0,11.0
2.2666666666666635,0.17715415909371374,79.0,0.0,11.0
2.28333333333333,0.17587752417043517,79.0,0.0,11.0
2.2999999999999967,0.17587752417043517,79.0,0.0,11.0
2.3166666666666633,0.17587752417043517,79.0,0.0,11.0
2.33333333333333,0.17587752417043517,79.0,0.0,11.0
2.3499999999999965,0.17587752417043517,79.0,0.0,11.0
2.366666666666663,0.17587752417043517,79.0,0.0,11.0
2.3833333333333298,0.17013281177560508,79.0,0.0,11.0
2.3999999999999964,0.17013281177560508,79.0,0.0,11.0
2.416666666666663,0.17013281177560508,79.0,0.0,11.0
2.4333333333333296,0.17013281177560508,79.0,0.0,11.0
2.449999999999996,0.17013281177560508,79.0,0.0,11.0
2.466666666666663,0.17013281177560508,79.0,0.0,11.0
2.4833333333333294,0.17013281177560508,79.0,0.0,11.0
2.499999999999996,0.17013281177560508,79.0,0.0,11.0
2.5166666666666626,0.17013281177560508,79.0,0.0,11.0
2.533333333333329,0.17013281177560508,79.0,0.0,11.0
2.549999999999996,0.17013281177560508,79.0,0.0,11.0
2.5666666666666624,0.17013281177560508,79.0,0.0,11.0
2.583333333333329,0.1693375083048987,79.0,0.0,11.0
2.5999999999999956,0.1693375083048987,79.0,0.0,11.0
2.6166666666666623,0.1693375083048987,79.0,0.0,11.0
2.633333333333329,0.1693375083048987,79.0,0.0,11.0
2.6499999999999955,0.1693375083048987,79.0,0.0,11.0
2.666666666666662,0.1693375083048987,79.0,0.0,11.0
2.6833333333333287,0.1693375083048987,79.0,0.0,11.0
2.6999999999999953,0.1693375083048987,79.0,0.0,11.0
2.716666666666662,0.1693375083048987,79.0,0.0,11.0
2.7333333333333285,0.15678547674233484,79.0,0.0,11.0
2.749999999999995,0.15678547674233484,79.0,0.0,11.0
2.7666666666666617,0.15678547674233484,79.0,0.0,11.0
2.7833333333333283,0.15678547674233484,79.0,0.0,11.0
2.799999999999995,0.15295837405490123,79.0,0.0,11.0
2.8166666666666615,0.15290098815886274,79.0,0.0,11.0
2.833333333333328,0.15290098815886274,79.0,0.0,11.0
2.8499999999999948,0.15290098815886274,79.0,0.0,11.0
2.8666666666666614,0.15290098815886274,79.0,0.0,11.0
2.883333333333328,0.15290098815886274,79.0,0.0,11.0
2.8999999999999946,0.15413746310574286,79.0,0.0,11.0
2.916666666666661,0.15413746310574286,79.0,0.0,11.0
2.933333333333328,0.15909891451859154,79.0,0.0,11.0
2.9499999999999944,0.15909891451859154,79.0,0.0,11.0
2.966666666666661,0.15909891451859154,79.0,0.0,11.0
2.9833333333333276,0.15909891451859154,79.0,0.0,11.0
2.9999999999999942,0.15909891451859154,79.0,0.0,11.0
3.016666666666661,0.15909891451859154,79.0,0.0,11.0
3.0333333333333274,0.15909891451859154,79.0,0.0,11.0
3.049999999999994,0.15909891451859154,79.0,0.0,11.0
3.0666666666666607,0.15909891451859154,79.0,0.0,11.0
3.0833333333333273,0.15909891451859154,79.0,0.0,11.0
3.099999999999994,0.15909891451859154,79.0,0.0,11.0
3.1166666666666605,0.15909891451859154,79.0,0.0,11.0
3.133333333333327,0.15909891451859154,79.0,0.0,11.0
3.1499999999999937,0.15909891451859154,79.0,0.0,11.0
3.1666666666666603,0.15835044199449505,79.0,0.0,11.0
3.183333333333327,0.15835044199449505,79.0,0.0,11.0
3.1999999999999935,0.15835044199449505,79.0,0.0,11.0
3.21666666666666,0.15835044199449505,79.0,0.0,11.0
3.2333333333333267,0.15835044199449505,79.0,0.0,11.0
3.2499999999999933,0.15835044199449505,79.0,0.0,11.0
3.26666666666666,0.15835044199449505,79.0,0.0,11.0
3.2833333333333266,0.15835044199449505,79.0,0.0,11.0
3.299999999999993,0.15835044199449505,79.0,0.0,11.0
3.3166666666666598,0.15835044199449505,79.0,0.0,11.0
3.3333333333333264,0.15835044199449505,79.0,0.0,11.0
3.349999999999993,0.15835044199449505,79.0,0.0,11.0
3.3666666666666596,0.15835044199449505,79.0,0.0,11.0
3.383333333333326,0.15835044199449505,79.0,0.0,11.0
3.399999999999993,0.15835044199449505,79.0,0.0,11.0
3.4166666666666594,0.15835044199449505,79.0,0.0,11.0
3.433333333333326,0.15835044199449505,79.0,0.0,11.0
3.4499999999999926,0.15835044199449505,79.0,0.0,11.0
3.4666666666666592,0.15835044199449505,79.0,0.0,11.0
3.483333333333326,0.15835044199449505,79.0,0.0,11.0
3.4999999999999925,0.15835044199449505,79.0,0.0,11.0
3.516666666666659,0.15835044199449505,79.0,0.0,11.0
3.5333333333333257,0.15835044199449505,79.0,0.0,11.0
3.5499999999999923,0.15835044199449505,79.0,0.0,11.0
3.566666666666659,0.15835044199449505,79.0,0.0,11.0
3.5833333333333255,0.15835044199449505,79.0,0.0,11.0
3.599999999999992,0.15835044199449505,79.0,0.0,11.0
3.6166666666666587,0.15740896592515616,79.0,0.0,11.0
3.6333333333333253,0.15740896592515616,79.0,0.0,11.0
3.649999999999992,0.15740896592515616,79.0,0.0,11.0
3.6666666666666585,0.15740896592515616,79.0,0.0,11.0
3.683333333333325,0.15740896592515616,79.0,0.0,11.0
3.6999999999999917,0.15740896592515616,79.0,0.0,11.0
3.7166666666666583,0.14948906327277112,79.0,0.0,11.0
3.733333333333325,0.14948906327277112,79.0,0.0,11.0
3.7499999999999916,0.14948906327277112,79.0,0.0,11.0
3.766666666666658,0.14948906327277112,79.0,0.0,11.0
3.7833333333333248,0.15168865948071464,79.0,0.0,11.0
3.7999999999999914,0.15168865948071464,79.0,0.0,11.0
3.816666666666658,0.15168865948071464,79.0,0.0,11.0
3.8333333333333246,0.15168865948071464,79.0,0.0,11.0
3.849999999999991,0.15168865948071464,79.0,0.0,11.0
3.866666666666658,0.15168865948071464,79.0,0.0,11.0
3.8833333333333244,0.15168865948071464,79.0,0.0,11.0
3.899999999999991,0.15168865948071464,79.0,0.0,11.0
3.9166666666666576,0.15168865948071464,79.0,0.0,11.0
3.9333333333333242,0.15168865948071464,79.0,0.0,11.0
3.949999999999991,0.15168865948071464,79.0,0.0,11.0
3.9666666666666575,0.15168865948071464,79.0,0.0,11.0
3.983333333333324,0.15168865948071464,79.0,0.0,11.0
3.9999999999999907,0.15168865948071464,79.0,0.0,11.0
4.016666666666658,0.15168865948071464,79.0,0.0,11.0
4.033333333333324,0.15168865948071464,79.0,0.0,11.0
4.049999999999991,0.15168865948071464,79.0,0.0,11.0
4.0666666666666575,0.15168865948071464,79.0,0.0,11.0
4.083333333333324,0.15168865948071464,79.0,0.0,11.0
4.099999999999991,0.15168865948071464,79.0,0.0,11.0
4.116666666666657,0.15168865948071464,79.0,0.0,11.0
4.133333333333324,0.15168865948071464,79.0,0.0,11.0
4.149999999999991,0.15168865948071464,79.0,0.0,11.0
4.166666666666657,0.15168865948071464,79.0,0.0,11.0
4.183333333333324,0.15168865948071464,79.0,0.0,11.0
4.19999999999999,0.15168865948071464,79.0,0.0,11.0
4.216666666666657,0.15168865948071464,79.0,0.0,11.0
4.233333333333324,0.15168865948071464,79.0,0.0,11.0
4.24999999999999,0.15168865948071464,79.0,0.0,11.0
4.266666666666657,0.15168865948071464,79.0,0.0,11.0
4.2833333333333234,0.15168865948071464,79.0,0.0,11.0
4.29999999999999,0.15168865948071464,79.0,0.0,11.0
4.316666666666657,0.15168865948071464,79.0,0.0,11.0
4.333333333333323,0.15168865948071464,79.0,0.0,11.0
4.34999999999999,0.15168865948071464,79.0,0.0,11.0
4.3666666666666565,0.15168865948071464,79.0,0.0,11.0
4.383333333333323,0.15168865948071464,79.0,0.0,11.0
4.39999999999999,0.15168865948071464,79.0,0.0,11.0
4.416666666666656,0.15168865948071464,79.0,0.0,11.0
4.433333333333323,0.15168865948071464,79.0,0.0,11.0
4.4499999999999895,0.15168865948071464,79.0,0.0,11.0
4.466666666666656,0.15168865948071464,79.0,0.0,11.0
4.483333333333323,0.15168865948071464,79.0,0.0,11.0
4.499999999999989,0.15168865948071464,79.0,0.0,11.0
4.516666666666656,0.15168865948071464,79.0,0.0,11.0
4.533333333333323,0.15168865948071464,79.0,0.0,11.0
4.549999999999989,0.15168865948071464,79.0,0.0,11.0
4.566666666666656,0.15168865948071464,79.0,0.0,11.0
4.583333333333322,0.15168865948071464,79.0,0.0,11.0
4.599999999999989,0.15168865948071464,79.0,0.0,11.0
4.616666666666656,0.15168865948071464,79.0,0.0,11.0
4.633333333333322,0.15168865948071464,79.0,0.0,11.0
4.649999999999989,0.15168865948071464,79.0,0.0,11.0
4.666666666666655,0.15168865948071464,79.0,0.0,11.0
4.683333333333322,0.15168865948071464,79.0,0.0,11.0
4.699999999999989,0.15168865948071464,79.0,0.0,11.0
4.716666666666655,0.15168865948071464,79.0,0.0,11.0
4.733333333333322,0.15168865948071464,79.0,0.0,11.0
4.7499999999999885,0.15168865948071464,79.0,0.0,11.0
4.766666666666655,0.15168865948071464,79.0,0.0,11.0
4.783333333333322,0.15168865948071464,79.0,0.0,11.0
4.799999999999988,0.15168865948071464,79.0,0.0,11.0
4.816666666666655,0.15168865948071464,79.0,0.0,11.0
4.8333333333333215,0.15168865948071464,79.0,0.0,11.0
4.849999999999988,0.15168865948071464,79.0,0.0,11.0
4.866666666666655,0.15168865948071464,79.0,0.0,11.0
4.883333333333321,0.15168865948071464,79.0,0.0,11.0
4.899999999999988,0.15168865948071464,79.0,0.0,11.0
4.9166666666666545,0.15168865948071464,79.0,0.0,11.0
4.933333333333321,0.15168865948071464,79.0,0.0,11.0
4.949999999999988,0.15168865948071464,79.0,0.0,11.0
4.966666666666654,0.15168865948071464,79.0,0.0,11.0
4.983333333333321,0.15168865948071464,79.0,0.0,11.0
4.999999999999988,0.15168865948071464,79.0,0.0,11.0
5.016666666666654,0.15168865948071464,79.0,0.0,11.0
5.033333333333321,0.15168865948071464,79.0,0.0,11.0
5.049999999999987,0.1516599766702649,79.0,0.0,11.0
5.066666666666654,0.1516599766702649,79.0,0.0,11.0
5.083333333333321,0.1516599766702649,79.0,0.0,11.0
5.099999999999987,0.1516599766702649,79.0,0.0,11.0
5.116666666666654,0.1516599766702649,79.0,0.0,11.0
5.13333333333332,0.1516599766702649,79.0,0.0,11.0
5.149999999999987,0.1516599766702649,79.0,0.0,11.0
5.166666666666654,0.1516599766702649,79.0,0.0,11.0
5.18333333333332,0.1516599766702649,79.0,0.0,11.0
5.199999999999987,0.1516599766702649,79.0,0.0,11.0
5.2166666666666535,0.1516599766702649,79.0,0.0,11.0
5.23333333333332,0.1516599766702649,79.0,0.0,11.0
5.249999999999987,0.1516599766702649,79.0,0.0,11.0
5.266666666666653,0.1516599766702649,79.0,0.0,11.0
5.28333333333332,0.1516599766702649,79.0,0.0,11.0
5.2999999999999865,0.1516599766702649,79.0,0.0,11.0
5.316666666666653,0.1516599766702649,79.0,0.0,11.0
5.33333333333332,0.1516599766702649,79.0,0.0,11.0
5.349999999999986,0.1516599766702649,79.0,0.0,11.0
5.366666666666653,0.1516599766702649,79.0,0.0,11.0
5.3833333333333195,0.1516599766702649,79.0,0.0,11.0
5.399999999999986,0.1516599766702649,79.0,0.0,11.0
5.416666666666653,0.1516599766702649,79.0,0.0,11.0
5.433333333333319,0.1516599766702649,79.0,0.0,11.0
5.449999999999986,0.1516599766702649,79.0,0.0,11.0
5.466666666666653,0.1516599766702649,79.0,0.0,11.0
5.483333333333319,0.1516599766702649,79.0,0.0,11.0
5.499999999999986,0.1516599766702649,79.0,0.0,11.0
5.516666666666652,0.1516599766702649,79.0,0.0,11.0
5.533333333333319,0.1516599766702649,79.0,0.0,11.0
5.549999999999986,0.15215664617509372,79.0,0.0,11.0
5.566666666666652,0.15215664617509372,79.0,0.0,11.0
5.583333333333319,0.15215664617509372,79.0,0.0,11.0
5.599999999999985,0.15215664617509372,79.0,0.0,11.0
5.616666666666652,0.15215664617509372,79.0,0.0,11.0
5.633333333333319,0.15215664617509372,79.0,0.0,11.0
5.649999999999985,0.15215664617509372,79.0,0.0,11.0
5.666666666666652,0.15215664617509372,79.0,0.0,11.0
5.6833333333333185,0.15215664617509372,79.0,0.0,11.0
5.699999999999985,0.15215664617509372,79.0,0.0,11.0
5.716666666666652,0.15215664617509372,79.0,0.0,11.0
5.733333333333318,0.15215664617509372,79.0,0.0,11.0
5.749999999999985,0.15215664617509372,79.0,0.0,11.0
5.7666666666666515,0.15215664617509372,79.0,0.0,11.0
5.783333333333318,0.15215664617509372,79.0,0.0,11.0
5.799999999999985,0.15215664617509372,79.0,0.0,11.0
5.816666666666651,0.15215664617509372,79.0,0.0,11.0
5.833333333333318,0.15215664617509372,79.0,0.0,11.0
5.8499999999999845,0.15215664617509372,79.0,0.0,11.0
5.866666666666651,0.15215664617509372,79.0,0.0,11.0
5.883333333333318,0.15215664617509372,79.0,0.0,11.0
5.899999999999984,0.15215664617509372,79.0,0.0,11.0
5.916666666666651,0.15215664617509372,79.0,0.0,11.0
5.933333333333318,0.15215664617509372,79.0,0.0,11.0
5.949999999999984,0.15215664617509372,79.0,0.0,11.0
5.966666666666651,0.15215664617509372,79.0,0.0,11.0
5.983333333333317,0.15215664617509372,79.0,0.0,11.0
5.999999999999984,0.15215664617509372,79.0,0.0,11.0
6.016666666666651,0.15215664617509372,79.0,0.0,11.0
6.033333333333317,0.15215664617509372,79.0,0.0,11.0
6.049999999999984,0.15215664617509372,79.0,0.0,11.0
6.06666666666665,0.15215664617509372,79.0,0.0,11.0
6.083333333333317,0.15215664617509372,79.0,0.0,11.0
6.099999999999984,0.15215664617509372,79.0,0.0,11.0
6.11666666666665,0.15215664617509372,79.0,0.0,11.0
6.133333333333317,0.15215664617509372,79.0,0.0,11.0
6.1499999999999835,0.15215664617509372,79.0,0.0,11.0
6.16666666666665,0.15215664617509372,79.0,0.0,11.0
6.183333333333317,0.15215664617509372,79.0,0.0,11.0
6.199999999999983,0.15215664617509372,79.0,0.0,11.0
6.21666666666665,0.15215664617509372,79.0,0.0,11.0
6.2333333333333165,0.15215664617509372,79.0,0.0,11.0
6.249999999999983,0.15215664617509372,79.0,0.0,11.0
6.26666666666665,0.15059630368794943,79.0,0.0,11.0
6.283333333333316,0.15059630368794943,79.0,0.0,11.0
6.299999999999983,0.1479622945588004,79.0,0.0,11.0
6.3166666666666496,0.1479622945588004,79.0,0.0,11.0
6.333333333333316,0.1479622945588004,79.0,0.0,11.0
6.349999999999983,0.1479622945588004,79.0,0.0,11.0
6.366666666666649,0.1479622945588004,79.0,0.0,11.0
6.383333333333316,0.14885894434820432,79.0,0.0,11.0
6.399999999999983,0.14885894434820432,79.0,0.0,11.0
6.416666666666649,0.14885894434820432,79.0,0.0,11.0
6.433333333333316,0.14885894434820432,79.0,0.0,11.0
6.449999999999982,0.14885894434820432,79.0,0.0,11.0
6.466666666666649,0.14885894434820432,79.0,0.0,11.0
6.483333333333316,0.14887596531790834,79.0,0.0,11.0
6.499999999999982,0.14887596531790834,79.0,0.0,11.0
6.516666666666649,0.14887596531790834,79.0,0.0,11.0
6.5333333333333155,0.14887596531790834,79.0,0.0,11.0
6.549999999999982,0.14887596531790834,79.0,0.0,11.0
6.566666666666649,0.14887596531790834,79.0,0.0,11.0
6.583333333333315,0.14887596531790834,79.0,0.0,11.0
6.599999999999982,0.14887596531790834,79.0,0.0,11.0
6.6166666666666485,0.14887596531790834,79.0,0.0,11.0
6.633333333333315,0.14887596531790834,79.0,0.0,11.0
6.649999999999982,0.14887596531790834,79.0,0.0,11.0
6.666666666666648,0.14887596531790834,79.0,0.0,11.0
6.683333333333315,0.14887596531790834,79.0,0.0,11.0
6.6999999999999815,0.14887596531790834,79.0,0.0,11.0
6.716666666666648,0.14887596531790834,79.0,0.0,11.0
6.733333333333315,0.14887596531790834,79.0,0.0,11.0
6.749999999999981,0.14887596531790834,79.0,0.0,11.0
6.766666666666648,0.14887596531790834,79.0,0.0,11.0
6.783333333333315,0.14887596531790834,79.0,0.0,11.0
6.799999999999981,0.14887596531790834,79.0,0.0,11.0
6.816666666666648,0.14887596531790834,79.0,0.0,11.0
6.833333333333314,0.14887596531790834,79.0,0.0,11.0
6.849999999999981,0.14887596531790834,79.0,0.0,11.0
6.866666666666648,0.14887596531790834,79.0,0.0,11.0
6.883333333333314,0.14887596531790834,79.0,0.0,11.0
6.899999999999981,0.14887596531790834,79.0,0.0,11.0
6.916666666666647,0.14887596531790834,79.0,0.0,11.0
6.933333333333314,0.14887596531790834,79.0,0.0,11.0
6.949999999999981,0.14887596531790834,79.0,0.0,11.0
6.966666666666647,0.14887596531790834,79.0,0.0,11.0
6.983333333333314,0.14887596531790834,79.0,0.0,11.0
6.9999999999999805,0.14887596531790834,79.0,0.0,11.0
7.016666666666647,0.14887596531790834,79.0,0.0,11.0
7.033333333333314,0.14887596531790834,79.0,0.0,11.0
7.04999999999998,0.14887596531790834,79.0,0.0,11.0
7.066666666666647,0.14887596531790834,79.0,0.0,11.0
7.0833333333333135,0.14887596531790834,79.0,0.0,11.0
7.09999999999998,0.14887596531790834,79.0,0.0,11.0
7.116666666666647,0.14887596531790834,79.0,0.0,11.0
7.133333333333313,0.14887596531790834,79.0,0.0,11.0
7.14999999999998,0.14887596531790834,79.0,0.0,11.0
7.1666666666666465,0.14887596531790834,79.0,0.0,11.0
7.183333333333313,0.14887596531790834,79.0,0.0,11.0
7.19999999999998,0.14887596531790834,79.0,0.0,11.0
7.216666666666646,0.14887596531790834,79.0,0.0,11.0
7.233333333333313,0.14887596531790834,79.0,0.0,11.0
7.24999999999998,0.14887596531790834,79.0,0.0,11.0
7.266666666666646,0.14887596531790834,79.0,0.0,11.0
7.283333333333313,0.14887596531790834,79.0,0.0,11.0
7.299999999999979,0.14887596531790834,79.0,0.0,11.0
7.316666666666646,0.14887596531790834,79.0,0.0,11.0
7.333333333333313,0.14887596531790834,79.0,0.0,11.0
7.349999999999979,0.14887596531790834,79.0,0.0,11.0
7.366666666666646,0.14887596531790834,79.0,0.0,11.0
7.383333333333312,0.1510638860640315,79.0,0.0,11.0
7.399999999999979,0.15289388111096403,79.0,0.0,11.0
7.416666666666646,0.15289388111096403,79.0,0.0,11.0
7.433333333333312,0.15289388111096403,79.0,0.0,11.0
7.449999999999979,0.15289388111096403,79.0,0.0,11.0
7.4666666666666455,0.15289388111096403,79.0,0.0,11.0
7.483333333333312,0.15289388111096403,79.0,0.0,11.0
7.499999999999979,0.15289388111096403,79.0,0.0,11.0
7.516666666666645,0.15289388111096403,79.0,0.0,11.0
7.533333333333312,0.15289388111096403,79.0,0.0,11.0
7.5499999999999785,0.15262047491769465,79.0,0.0,11.0
7.566666666666645,0.15262047491769465,79.0,0.0,11.0
7.583333333333312,0.15262047491769465,79.0,0.0,11.0
7.599999999999978,0.15262047491769465,79.0,0.0,11.0
7.616666666666645,0.15262047491769465,79.0,0.0,11.0
7.6333333333333115,0.15262047491769465,79.0,0.0,11.0
7.649999999999978,0.15262047491769465,79.0,0.0,11.0
7.666666666666645,0.15262047491769465,79.0,0.0,11.0
7.683333333333311,0.15262047491769465,79.0,0.0,11.0
7.699999999999978,0.15262047491769465,79.0,0.0,11.0
7.716666666666645,0.15183661833470277,79.0,0.0,11.0
7.733333333333311,0.15183661833470277,79.0,0.0,11.0
7.749999999999978,0.15183661833470277,79.0,0.0,11.0
7.766666666666644,0.15183661833470277,79.0,0.0,11.0
7.783333333333311,0.15183661833470277,79.0,0.0,11.0
7.799999999999978,0.15183661833470277,79.0,0.0,11.0
7.816666666666644,0.15183661833470277,79.0,0.0,11.0
7.833333333333311,0.15183661833470277,79.0,0.0,11.0
7.849999999999977,0.15183661833470277,79.0,0.0,11.0
7.866666666666644,0.15183661833470277,79.0,0.0,11.0
7.883333333333311,0.15183661833470277,79.0,0.0,11.0
7.899999999999977,0.15183661833470277,79.0,0.0,11.0
7.916666666666644,0.15183661833470277,79.0,0.0,11.0
7.9333333333333105,0.15183661833470277,79.0,0.0,11.0
7.949999999999977,0.15183661833470277,79.0,0.0,11.0
7.966666666666644,0.15183661833470277,79.0,0.0,11.0
7.98333333333331,0.15183661833470277,79.0,0.0,11.0
7.999999999999977,0.15183661833470277,79.0,0.0,11.0
8.016666666666644,0.15183661833470277,79.0,0.0,11.0
8.033333333333312,0.15183661833470277,79.0,0.0,11.0
8.04999999999998,0.15183661833470277,79.0,0.0,11.0
8.066666666666647,0.15183661833470277,79.0,0.0,11.0
8.083333333333314,0.15183661833470277,79.0,0.0,11.0
8.099999999999982,0.15183661833470277,79.0,0.0,11.0
8.11666666666665,0.15183661833470277,79.0,0.0,11.0
8.133333333333317,0.15183661833470277,79.0,0.0,11.0
8.149999999999984,0.15183661833470277,79.0,0.0,11.0
8.166666666666652,0.15183661833470277,79.0,0.0,11.0
8.18333333333332,0.15183661833470277,79.0,0.0,11.0
8.199999999999987,0.15183661833470277,79.0,0.0,11.0
8.216666666666654,0.15183661833470277,79.0,0.0,11.0
8.233333333333322,0.15183661833470277,79.0,0.0,11.0
8.24999999999999,0.15183661833470277,79.0,0.0,11.0
8.266666666666657,0.15183661833470277,79.0,0.0,11.0
8.283333333333324,0.15183661833470277,79.0,0.0,11.0
8.299999999999992,0.148363383361148,79.0,0.0,11.0
8.31666666666666,0.148363383361148,79.0,0.0,11.0
8.333333333333327,0.13664670954822497,79.0,0.0,11.0
8.349999999999994,0.13664670954822497,79.0,0.0,11.0
8.366666666666662,0.13664670954822497,79.0,0.0,11.0
8.38333333333333,0.13664670954822497,79.0,0.0,11.0
8.399999999999997,0.13664670954822497,79.0,0.0,11.0
8.416666666666664,0.13664670954822497,79.0,0.0,11.0
8.433333333333332,0.13664670954822497,79.0,0.0,11.0
8.45,0.13664670954822497,79.0,0.0,11.0
8.466666666666667,0.13664670954822497,79.0,0.0,11.0
8.483333333333334,0.13664670954822497,79.0,0.0,11.0
8.500000000000002,0.13664670954822497,79.0,0.0,11.0
8.51666666666667,0.13664670954822497,79.0,0.0,11.0
8.533333333333337,0.13664670954822497,79.0,0.0,11.0
8.550000000000004,0.13664670954822497,79.0,0.0,11.0
8.566666666666672,0.13664670954822497,79.0,0.0,11.0
8.58333333333334,0.13664670954822497,79.0,0.0,11.0
8.600000000000007,0.13664670954822497,79.0,0.0,11.0
8.616666666666674,0.13664670954822497,79.0,0.0,11.0
8.633333333333342,0.13664670954822497,79.0,0.0,11.0
8.65000000000001,0.13664670954822497,79.0,0.0,11.0
8.666666666666677,0.13664670954822497,79.0,0.0,11.0
8.683333333333344,0.13664670954822497,79.0,0.0,11.0
8.700000000000012,0.13664670954822497,79.0,0.0,11.0
8.71666666666668,0.13664670954822497,79.0,0.0,11.0
8.733333333333347,0.13664670954822497,79.0,0.0,11.0
8.750000000000014,0.13664670954822497,79.0,0.0,11.0
8.766666666666682,0.13664670954822497,79.0,0.0,11.0
8.78333333333335,0.13664670954822497,79.0,0.0,11.0
8.800000000000017,0.13664670954822497,79.0,0.0,11.0
8.816666666666684,0.13664670954822497,79.0,0.0,11.0
8.833333333333352,0.13664670954822497,79.0,0.0,11.0
8.85000000000002,0.13664670954822497,79.0,0.0,11.0
8.866666666666687,0.13664670954822497,79.0,0.0,11.0
8.883333333333354,0.13664670954822497,79.0,0.0,11.0
8.900000000000022,0.13664670954822497,79.0,0.0,11.0
8.91666666666669,0.13664670954822497,79.0,0.0,11.0
8.933333333333357,0.13664670954822497,79.0,0.0,11.0
8.950000000000024,0.13664670954822497,79.0,0.0,11.0
8.966666666666692,0.13664670954822497,79.0,0.0,11.0
8.98333333333336,0.13664670954822497,79.0,0.0,11.0
9.000000000000027,0.13664670954822497,79.0,0.0,11.0
9.016666666666694,0.13664670954822497,79.0,0.0,11.0
9.033333333333362,0.13664670954822497,79.0,0.0,11.0
9.05000000000003,0.13664670954822497,79.0,0.0,11.0
9.066666666666697,0.13664670954822497,79.0,0.0,11.0
9.083333333333364,0.13664670954822497,79.0,0.0,11.0
9.100000000000032,0.13664670954822497,79.0,0.0,11.0
9.1166666666667,0.13664670954822497,79.0,0.0,11.0
9.133333333333367,0.13664670954822497,79.0,0.0,11.0
9.150000000000034,0.13664670954822497,79.0,0.0,11.0
9.166666666666702,0.13664670954822497,79.0,0.0,11.0
9.183333333333369,0.13664670954822497,79.0,0.0,11.0
9.200000000000037,0.13664670954822497,79.0,0.0,11.0
9.216666666666704,0.13664670954822497,79.0,0.0,11.0
9.233333333333372,0.13664670954822497,79.0,0.0,11.0
9.250000000000039,0.13664670954822497,79.0,0.0,11.0
9.266666666666707,0.13664670954822497,79.0,0.0,11.0
9.283333333333374,0.13664670954822497,79.0,0.0,11.0
9.300000000000042,0.13664670954822497,79.0,0.0,11.0
9.316666666666709,0.13664670954822497,79.0,0.0,11.0
9.333333333333377,0.13664670954822497,79.0,0.0,11.0
9.350000000000044,0.13664670954822497,79.0,0.0,11.0
9.366666666666712,0.13664670954822497,79.0,0.0,11.0
9.383333333333379,0.13664670954822497,79.0,0.0,11.0
9.400000000000047,0.13664670954822497,79.0,0.0,11.0
9.416666666666714,0.13664670954822497,79.0,0.0,11.0
9.433333333333382,0.13664670954822497,79.0,0.0,11.0
9.450000000000049,0.13664670954822497,79.0,0.0,11.0
9.466666666666717,0.13664670954822497,79.0,0.0,11.0
9.483333333333384,0.13664670954822497,79.0,0.0,11.0
9.500000000000052,0.13664670954822497,79.0,0.0,11.0
9.516666666666719,0.13664670954822497,79.0,0.0,11.0
9.533333333333387,0.13664670954822497,79.0,0.0,11.0
9.550000000000054,0.12891384828718816,79.0,0.0,11.0
9.566666666666721,0.12891384828718816,79.0,0.0,11.0
9.583333333333389,0.12891384828718816,79.0,0.0,11.0
9.600000000000056,0.12891384828718816,79.0,0.0,11.0
9.616666666666724,0.13106066595235724,79.0,0.0,11.0
9.633333333333391,0.13106066595235724,79.0,0.0,11.0
9.650000000000059,0.13106066595235724,79.0,0.0,11.0
9.666666666666726,0.13106066595235724,79.0,0.0,11.0
9.683333333333394,0.13106066595235724,79.0,0.0,11.0
9.700000000000061,0.13106066595235724,79.0,0.0,11.0
9.716666666666729,0.13106066595235724,79.0,0.0,11.0
9.733333333333396,0.13106066595235724,79.0,0.0,11.0
9.750000000000064,0.13106066595235724,79.0,0.0,11.0
9.766666666666731,0.13106066595235724,79.0,0.0,11.0
9.783333333333399,0.13106066595235724,79.0,0.0,11.0
9.800000000000066,0.13106066595235724,79.0,0.0,11.0
9.816666666666734,0.13106066595235724,79.0,0.0,11.0
9.833333333333401,0.13106066595235724,79.0,0.0,11.0
9.850000000000069,0.13106066595235724,79.0,0.0,11.0
9.866666666666736,0.13106066595235724,79.0,0.0,11.0
9.883333333333404,0.13106066595235724,79.0,0.0,11.0
9.900000000000071,0.13106066595235724,79.0,0.0,11.0
9.916666666666739,0.13106066595235724,79.0,0.0,11.0
9.933333333333406,0.13106066595235724,79.0,0.0,11.0
9.950000000000074,0.13106066595235724,79.0,0.0,11.0
9.966666666666741,0.13106066595235724,79.0,0.0,11.0
9.983333333333409,0.13106066595235724,79.0,0.0,11.0
10.000000000000076,0.13106066595235724,79.0,0.0,11.0
