Tempo [s],Temperatura [K],Cl,Na,NaCl
0.0,0.5741186540648764,48.0,32.0,0.0
0.016666666666666666,0.5741186540648764,48.0,32.0,0.0
0.03333333333333333,0.5741186540648764,48.0,32.0,0.0
0.05,0.5665369085965184,48.0,32.0,0.0
0.06666666666666667,0.55139378056281,48.0,32.0,0.0
0.08333333333333333,0.5425427426995315,48.0,32.0,0.0
0.09999999999999999,0.5429340966520898,48.0,32.0,0.0
0.11666666666666665,0.5324735244855546,48.0,32.0,0.0
0.13333333333333333,0.5326784952649656,48.0,32.0,0.0
0.15,0.5357546878304084,48.0,32.0,0.0
0.16666666666666666,0.5280513691367138,48.0,32.0,0.0
0.18333333333333332,0.5285506533929242,48.0,32.0,0.0
0.19999999999999998,0.5287992849959833,48.0,32.0,0.0
0.21666666666666665,0.5287992849959833,48.0,32.0,0.0
0.2333333333333333,0.5221573361066912,48.0,32.0,0.0
0.24999999999999997,0.5221912977042446,48.0,32.0,0.0
0.26666666666666666,0.5215846010719596,48.0,32.0,0.0
0.2833333333333333,0.5188887460042425,48.0,32.0,0.0
0.3,0.5193219462373235,48.0,32.0,0.0
0.31666666666666665,0.5076668079990589,48.0,32.0,0.0
0.3333333333333333,0.49069332893883416,48.0,32.0,0.0
0.35,0.4902942834396226,48.0,32.0,0.0
0.36666666666666664,0.47304448406238064,48.0,32.0,0.0
0.3833333333333333,0.47304448406238064,48.0,32.0,0.0
0.39999999999999997,0.4535464955636111,48.0,32.0,0.0
0.41666666666666663,0.45928759044416306,47.0,31.0,1.0
0.4333333333333333,0.4644101675167319,46.0,30.0,2.0
0.44999999999999996,0.4644101675167319,46.0,30.0,2.0
0.4666666666666666,0.4718280581909033,45.0,29.0,3.0
0.4833333333333333,0.46015339410615747,45.0,29.0,3.0
0.49999999999999994,0.46715737754830433,44.0,28.0,4.0
0.5166666666666666,0.47001930590078056,43.0,27.0,5.0
0.5333333333333333,0.47001930590078056,43.0,27.0,5.0
0.55,0.4763709181426829,42.0,26.0,6.0
0.5666666666666668,0.4761352981789581,42.0,26.0,6.0
0.5833333333333335,0.4639457715864793,42.0,26.0,6.0
0.6000000000000002,0.4639457715864793,42.0,26.0,6.0
0.6166666666666669,0.46591936104923015,42.0,26.0,6.0
0.6333333333333336,0.46591335955410557,42.0,26.0,6.0
0.6500000000000004,0.46591335955410557,42.0,26.0,6.0
0.6666666666666671,0.46643774967078405,42.0,26.0,6.0
0.6833333333333338,0.46816829057712867,42.0,26.0,6.0
0.7000000000000005,0.46816829057712867,42.0,26.0,6.0
0.7166666666666672,0.46701232709927115,42.0,26.0,6.0
0.733333333333334,0.467063990868892,42.0,26.0,6.0
0.7500000000000007,0.46398991730954137,42.0,26.0,6.0
0.7666666666666674,0.4638452447430221,42.0,26.0,6.0
0.7833333333333341,0.4638452447430221,42.0,26.0,6.0
0.8000000000000008,0.4638452447430221,42.0,26.0,6.0
0.8166666666666675,0.4637813934057215,42.0,26.0,6.0
0.8333333333333343,0.4638008555545373,42.0,26.0,6.0
0.850000000000001,0.46339142151492635,42.0,26.0,6.0
0.8666666666666677,0.46273631135967197,42.0,26.0,6.0
0.8833333333333344,0.46042884892572966,42.0,26.0,6.0
0.9000000000000011,0.46139667575519205,42.0,26.0,6.0
0.9166666666666679,0.46139667575519205,42.0,26.0,6.0
0.9333333333333346,0.4542793261211074,42.0,26.0,6.0
0.9500000000000013,0.4542793261211074,42.0,26.0,6.0
0.966666666666668,0.4548931494270636,42.0,26.0,6.0
0.9833333333333347,0.4537457806069247,42.0,26.0,6.0
1.0000000000000013,0.45247491167144954,42.0,26.0,6.0
1.016666666666668,0.4519258478277583,42.0,26.0,6.0
1.0333333333333345,0.4519258478277583,42.0,26.0,6.0
1.0500000000000012,0.451734254936973,42.0,26.0,6.0
1.0666666666666678,0.4516924937651348,42.0,26.0,6.0
1.0833333333333344,0.4516924937651348,42.0,26.0,6.0
1.100000000000001,0.45462572093499976,42.0,26.0,6.0
1.1166666666666676,0.4548502954864404,42.0,26.0,6.0
1.1333333333333342,0.45582574511084556,42.0,26.0,6.0
1.1500000000000008,0.45582574511084556,42.0,26.0,6.0
1.1666666666666674,0.45582574511084556,42.0,26.0,6.0
1.183333333333334,0.4548249499354216,42.0,26.0,6.0
1.2000000000000006,0.4548249499354216,42.0,26.0,6.0
1.2166666666666672,0.4508612818588542,42.0,26.0,6.0
1.2333333333333338,0.4508612818588542,42.0,26.0,6.0
1.2500000000000004,0.45107182638343796,42.0,26.0,6.0
1.266666666666667,0.44332937741173584,42.0,26.0,6.0
1.2833333333333337,0.4433299837406912,42.0,26.0,6.0
1.3000000000000003,0.443629205441493,42.0,26.0,6.0
1.3166666666666669,0.4442623387152269,42.0,26.0,6.0
1.3333333333333335,0.4443546769398282,42.0,26.0,6.0
1.35,0.45044172730886695,41.0,25.0,7.0
1.3666666666666667,0.450864860921857,41.0,25.0,7.0
1.3833333333333333,0.450864860921857,41.0,25.0,7.0
1.4,0.4530927908394071,41.0,25.0,7.0
1.4166666666666665,0.4530927908394071,41.0,25.0,7.0
1.4333333333333331,0.4489766599018824,41.0,25.0,7.0
1.4499999999999997,0.4341184510515911,41.0,25.0,7.0
1.4666666666666663,0.4332992676439338,41.0,25.0,7.0
1.483333333333333,0.4332992676439338,41.0,25.0,7.0
1.4999999999999996,0.4332992676439338,41.0,25.0,7.0
1.5166666666666662,0.4340718197393109,41.0,25.0,7.0
1.5333333333333328,0.4340718197393109,41.0,25.0,7.0
1.5499999999999994,0.40799893286499456,41.0,25.0,7.0
1.566666666666666,0.4136655847103416,40.0,24.0,8.0
1.5833333333333326,0.4136655847103416,40.0,24.0,8.0
1.5999999999999992,0.4210739623052225,39.0,23.0,9.0
1.6166666666666658,0.4224113290215276,39.0,23.0,9.0
1.6333333333333324,0.4224113290215276,39.0,23.0,9.0
1.649999999999999,0.42683733501346843,39.0,23.0,9.0
1.6666666666666656,0.4266341257445899,39.0,23.0,9.0
1.6833333333333322,0.4277593685387652,39.0,23.0,9.0
1.6999999999999988,0.4277593685387652,39.0,23.0,9.0
1.7166666666666655,0.4277593685387652,39.0,23.0,9.0
1.733333333333332,0.43237005373919896,38.0,22.0,10.0
1.7499999999999987,0.43231240732121956,38.0,22.0,10.0
1.7666666666666653,0.43137804561463877,38.0,22.0,10.0
1.7833333333333319,0.43120554412974565,38.0,22.0,10.0
1.7999999999999985,0.43120554412974565,38.0,22.0,10.0
1.816666666666665,0.43120554412974565,38.0,22.0,10.0
1.8333333333333317,0.43120100873272743,38.0,22.0,10.0
1.8499999999999983,0.4295826905497625,38.0,22.0,10.0
1.866666666666665,0.4190498197975638,38.0,22.0,10.0
1.8833333333333315,0.4190498197975638,38.0,22.0,10.0
1.8999999999999981,0.41879883797776984,38.0,22.0,10.0
1.9166666666666647,0.41984583359277133,38.0,22.0,10.0
1.9333333333333313,0.4220895199634915,38.0,22.0,10.0
1.949999999999998,0.42820675938325214,37.0,21.0,11.0
1.9666666666666646,0.42820675938325214,37.0,21.0,11.0
1.9833333333333312,0.42820675938325214,37.0,21.0,11.0
1.9999999999999978,0.42905643920998493,37.0,21.0,11.0
2.0166666666666644,0.4353660927277788,36.0,20.0,12.0
2.033333333333331,0.4353660927277788,36.0,20.0,12.0
2.0499999999999976,0.4353660927277788,36.0,20.0,12.0
2.066666666666664,0.4275419788393912,36.0,20.0,12.0
2.083333333333331,0.4279307010851814,36.0,20.0,12.0
2.0999999999999974,0.43064461976057494,36.0,20.0,12.0
2.116666666666664,0.4309909263454506,36.0,20.0,12.0
2.1333333333333306,0.4309909263454506,36.0,20.0,12.0
2.1499999999999972,0.43058502284580624,36.0,20.0,12.0
2.166666666666664,0.4306163433967746,36.0,20.0,12.0
2.1833333333333305,0.4306163433967746,36.0,20.0,12.0
2.199999999999997,0.4306163433967746,36.0,20.0,12.0
2.2166666666666637,0.4306163433967746,36.0,20.0,12.0
2.2333333333333303,0.4308104918376511,36.0,20.0,12.0
2.249999999999997,0.4279517865029337,36.0,20.0,12.0
2.2666666666666635,0.4279517865029337,36.0,20.0,12.0
2.28333333333333,0.42787512009114304,36.0,20.0,12.0
2.2999999999999967,0.4222426618128401,36.0,20.0,12.0
2.3166666666666633,0.41056850264075645,36.0,20.0,12.0
2.33333333333333,0.40866843162579075,36.0,20.0,12.0
2.3499999999999965,0.40866843162579075,36.0,20.0,12.0
2.366666666666663,0.4081277113014013,36.0,20.0,12.0
2.3833333333333298,0.4113509678381272,36.0,20.0,12.0
2.3999999999999964,0.4113509678381272,36.0,20.0,12.0
2.416666666666663,0.4113509678381272,36.0,20.0,12.0
2.4333333333333296,0.40970347505408117,36.0,20.0,12.0
2.449999999999996,0.4025598036955587,36.0,20.0,12.0
2.466666666666663,0.4004544644270718,36.0,20.0,12.0
2.4833333333333294,0.4004544644270718,36.0,20.0,12.0
2.499999999999996,0.4004544644270718,36.0,20.0,12.0
2.5166666666666626,0.4004544644270718,36.0,20.0,12.0
2.533333333333329,0.4004544644270718,36.0,20.0,12.0
2.549999999999996,0.4004544644270718,36.0,20.0,12.0
2.5666666666666624,0.4004544644270718,36.0,20.0,12.0
2.583333333333329,0.4033690208017,36.0,20.0,12.0
2.5999999999999956,0.4033690208017,36.0,20.0,12.0
2.6166666666666623,0.38773616837741703,36.0,20.0,12.0
2.633333333333329,0.38773616837741703,36.0,20.0,12.0
2.6499999999999955,0.38699504511420246,36.0,20.0,12.0
2.666666666666662,0.39277109056366816,35.0,19.0,13.0
2.6833333333333287,0.39277109056366816,35.0,19.0,13.0
2.6999999999999953,0.39277109056366816,35.0,19.0,13.0
2.716666666666662,0.3935948618886647,35.0,19.0,13.0
2.7333333333333285,0.39579071733473714,35.0,19.0,13.0
2.749999999999995,0.39658542765438737,35.0,19.0,13.0
2.7666666666666617,0.3910959941758756,35.0,19.0,13.0
2.7833333333333283,0.39143888872112487,35.0,19.0,13.0
2.799999999999995,0.39143888872112487,35.0,19.0,13.0
2.8166666666666615,0.3925313313057307,35.0,19.0,13.0
2.833333333333328,0.3925313313057307,35.0,19.0,13.0
2.8499999999999948,0.3925313313057307,35.0,19.0,13.0
2.8666666666666614,0.3925313313057307,35.0,19.0,13.0
2.883333333333328,0.3925313313057307,35.0,19.0,13.0
2.8999999999999946,0.3925313313057307,35.0,19.0,13.0
2.916666666666661,0.39407931232942783,35.0,19.0,13.0
2.933333333333328,0.39407931232942783,35.0,19.0,13.0
2.9499999999999944,0.39407931232942783,35.0,19.0,13.0
2.966666666666661,0.39407931232942783,35.0,19.0,13.0
2.9833333333333276,0.40005021100108584,34.0,18.0,14.0
2.9999999999999942,0.40005021100108584,34.0,18.0,14.0
3.016666666666661,0.40005021100108584,34.0,18.0,14.0
3.0333333333333274,0.40403886901549174,34.0,18.0,14.0
3.049999999999994,0.41025286461735927,33.0,17.0,15.0
3.0666666666666607,0.41025273528927136,33.0,17.0,15.0
3.0833333333333273,0.40811085402041025,33.0,17.0,15.0
3.099999999999994,0.40811085402041025,33.0,17.0,15.0
3.1166666666666605,0.4056103621236087,33.0,17.0,15.0
3.133333333333327,0.4056103621236087,33.0,17.0,15.0
3.1499999999999937,0.4050324585428176,33.0,17.0,15.0
3.1666666666666603,0.4050324585428176,33.0,17.0,15.0
3.183333333333327,0.4066438404591483,33.0,17.0,15.0
3.1999999999999935,0.4066438404591483,33.0,17.0,15.0
3.21666666666666,0.4066438404591483,33.0,17.0,15.0
3.2333333333333267,0.4046711673600167,33.0,17.0,15.0
3.2499999999999933,0.4046711673600167,33.0,17.0,15.0
3.26666666666666,0.40036334836073895,33.0,17.0,15.0
3.2833333333333266,0.39953538469981925,33.0,17.0,15.0
3.299999999999993,0.4014076206813637,33.0,17.0,15.0
3.3166666666666598,0.4014076206813637,33.0,17.0,15.0
3.3333333333333264,0.39286301596120454,33.0,17.0,15.0
3.349999999999993,0.39286301596120454,33.0,17.0,15.0
3.3666666666666596,0.39539282036303125,33.0,17.0,15.0
3.383333333333326,0.400077354234643,33.0,17.0,15.0
3.399999999999993,0.400077354234643,33.0,17.0,15.0
3.4166666666666594,0.4063285628945593,32.0,16.0,16.0
3.433333333333326,0.4063285628945593,32.0,16.0,16.0
3.4499999999999926,0.4063285628945593,32.0,16.0,16.0
3.4666666666666592,0.4063285628945593,32.0,16.0,16.0
3.483333333333326,0.4063285628945593,32.0,16.0,16.0
3.4999999999999925,0.4063285628945593,32.0,16.0,16.0
3.516666666666659,0.4127782226230445,31.0,15.0,17.0
3.5333333333333257,0.4127782226230445,31.0,15.0,17.0
3.5499999999999923,0.4127782226230445,31.0,15.0,17.0
3.566666666666659,0.4127782226230445,31.0,15.0,17.0
3.5833333333333255,0.4127782226230445,31.0,15.0,17.0
3.599999999999992,0.4126422151501041,31.0,15.0,17.0
3.6166666666666587,0.4126422151501041,31.0,15.0,17.0
3.6333333333333253,0.4126422151501041,31.0,15.0,17.0
3.649999999999992,0.4126422151501041,31.0,15.0,17.0
3.6666666666666585,0.4126422151501041,31.0,15.0,17.0
3.683333333333325,0.4126422151501041,31.0,15.0,17.0
3.6999999999999917,0.41327033102024874,31.0,15.0,17.0
3.7166666666666583,0.41237354239143664,31.0,15.0,17.0
3.733333333333325,0.41238629057081444,31.0,15.0,17.0
3.7499999999999916,0.41142683293922844,31.0,15.0,17.0
3.766666666666658,0.41142683293922844,31.0,15.0,17.0
3.7833333333333248,0.4124090997606789,31.0,15.0,17.0
3.7999999999999914,0.41263656553289585,31.0,15.0,17.0
3.816666666666658,0.4074382324170464,31.0,15.0,17.0
3.8333333333333246,0.4074382324170464,31.0,15.0,17.0
3.849999999999991,0.4074382324170464,31.0,15.0,17.0
3.866666666666658,0.4074382324170464,31.0,15.0,17.0
3.8833333333333244,0.40813091827827985,31.0,15.0,17.0
3.899999999999991,0.4096046470299455,31.0,15.0,17.0
3.9166666666666576,0.4096046470299455,31.0,15.0,17.0
3.9333333333333242,0.4096046470299455,31.0,15.0,17.0
3.949999999999991,0.412396424258234,31.0,15.0,17.0
3.9666666666666575,0.412396424258234,31.0,15.0,17.0
3.983333333333324,0.41175333445482976,31.0,15.0,17.0
3.9999999999999907,0.4122360662922714,31.0,15.0,17.0
4.016666666666658,0.4138301343411129,31.0,15.0,17.0
4.033333333333324,0.4138301343411129,31.0,15.0,17.0
4.049999999999991,0.4138301343411129,31.0,15.0,17.0
4.0666666666666575,0.4138301343411129,31.0,15.0,17.0
4.083333333333324,0.4138301343411129,31.0,15.0,17.0
4.099999999999991,0.4138301343411129,31.0,15.0,17.0
4.116666666666657,0.4138394387591015,31.0,15.0,17.0
4.133333333333324,0.4138394387591015,31.0,15.0,17.0
4.149999999999991,0.4138394387591015,31.0,15.0,17.0
4.166666666666657,0.4138394387591015,31.0,15.0,17.0
4.183333333333324,0.4139501460979813,31.0,15.0,17.0
4.19999999999999,0.4139501460979813,31.0,15.0,17.0
4.216666666666657,0.4139592785916696,31.0,15.0,17.0
4.233333333333324,0.4139592785916696,31.0,15.0,17.0
4.24999999999999,0.414046654103976,31.0,15.0,17.0
4.266666666666657,0.41891813026740427,30.0,14.0,18.0
4.2833333333333234,0.41891813026740427,30.0,14.0,18.0
4.29999999999999,0.41891813026740427,30.0,14.0,18.0
4.316666666666657,0.41891813026740427,30.0,14.0,18.0
4.333333333333323,0.41891813026740427,30.0,14.0,18.0
4.34999999999999,0.41891813026740427,30.0,14.0,18.0
4.3666666666666565,0.41891813026740427,30.0,14.0,18.0
4.383333333333323,0.4215570601494159,30.0,14.0,18.0
4.39999999999999,0.4215570601494159,30.0,14.0,18.0
4.416666666666656,0.4215515721472015,30.0,14.0,18.0
4.433333333333323,0.4215515721472015,30.0,14.0,18.0
4.4499999999999895,0.42846225365781143,29.0,13.0,19.0
4.466666666666656,0.42846225365781143,29.0,13.0,19.0
4.483333333333323,0.42846225365781143,29.0,13.0,19.0
4.499999999999989,0.43560329121877495,28.0,12.0,20.0
4.516666666666656,0.43560329121877495,28.0,12.0,20.0
4.533333333333323,0.43651302901761824,28.0,12.0,20.0
4.549999999999989,0.43651302901761824,28.0,12.0,20.0
4.566666666666656,0.43651302901761824,28.0,12.0,20.0
4.583333333333322,0.43651302901761824,28.0,12.0,20.0
4.599999999999989,0.43651302901761824,28.0,12.0,20.0
4.616666666666656,0.4365408751139418,28.0,12.0,20.0
4.633333333333322,0.4365408751139418,28.0,12.0,20.0
4.649999999999989,0.4365408751139418,28.0,12.0,20.0
4.666666666666655,0.4365408751139418,28.0,12.0,20.0
4.683333333333322,0.4377398111923879,28.0,12.0,20.0
4.699999999999989,0.4377398111923879,28.0,12.0,20.0
4.716666666666655,0.43640059141195686,28.0,12.0,20.0
4.733333333333322,0.43723098262779686,28.0,12.0,20.0
4.7499999999999885,0.43723098262779686,28.0,12.0,20.0
4.766666666666655,0.43723098262779686,28.0,12.0,20.0
4.783333333333322,0.43482438884145064,28.0,12.0,20.0
4.799999999999988,0.43482438884145064,28.0,12.0,20.0
4.816666666666655,0.4401131688925896,28.0,12.0,20.0
4.8333333333333215,0.4401193590920429,28.0,12.0,20.0
4.849999999999988,0.4401193590920429,28.0,12.0,20.0
4.866666666666655,0.4401193590920429,28.0,12.0,20.0
4.883333333333321,0.4475790092461454,27.0,11.0,21.0
4.899999999999988,0.4475790092461454,27.0,11.0,21.0
4.9166666666666545,0.4476504693428855,27.0,11.0,21.0
4.933333333333321,0.4476504693428855,27.0,11.0,21.0
4.949999999999988,0.4476504693428855,27.0,11.0,21.0
4.966666666666654,0.4473348311611542,27.0,11.0,21.0
4.983333333333321,0.4447176994288613,27.0,11.0,21.0
4.999999999999988,0.4447176994288613,27.0,11.0,21.0
5.016666666666654,0.444798536147527,27.0,11.0,21.0
5.033333333333321,0.444798536147527,27.0,11.0,21.0
5.049999999999987,0.444798536147527,27.0,11.0,21.0
5.066666666666654,0.44808704201094585,27.0,11.0,21.0
5.083333333333321,0.44808704201094585,27.0,11.0,21.0
5.099999999999987,0.45064039421268876,27.0,11.0,21.0
5.116666666666654,0.45064039421268876,27.0,11.0,21.0
5.13333333333332,0.45064039421268876,27.0,11.0,21.0
5.149999999999987,0.44936245179083584,27.0,11.0,21.0
5.166666666666654,0.4487152410699174,27.0,11.0,21.0
5.18333333333332,0.4487152410699174,27.0,11.0,21.0
5.199999999999987,0.4475890457177401,27.0,11.0,21.0
5.2166666666666535,0.4475890457177401,27.0,11.0,21.0
5.23333333333332,0.4476053294602136,27.0,11.0,21.0
5.249999999999987,0.4476053294602136,27.0,11.0,21.0
5.266666666666653,0.4476053294602136,27.0,11.0,21.0
5.28333333333332,0.4476053294602136,27.0,11.0,21.0
5.2999999999999865,0.4476053294602136,27.0,11.0,21.0
5.316666666666653,0.4476053294602136,27.0,11.0,21.0
5.33333333333332,0.4476053294602136,27.0,11.0,21.0
5.349999999999986,0.4469908270353056,27.0,11.0,21.0
5.366666666666653,0.44594110210721305,27.0,11.0,21.0
5.3833333333333195,0.44594110210721305,27.0,11.0,21.0
5.399999999999986,0.44630987707804803,27.0,11.0,21.0
5.416666666666653,0.4458898238041974,27.0,11.0,21.0
5.433333333333319,0.4458898238041974,27.0,11.0,21.0
5.449999999999986,0.4458898238041974,27.0,11.0,21.0
5.466666666666653,0.4458898238041974,27.0,11.0,21.0
5.483333333333319,0.4458898238041974,27.0,11.0,21.0
5.499999999999986,0.4458898238041974,27.0,11.0,21.0
5.516666666666652,0.4458898238041974,27.0,11.0,21.0
5.533333333333319,0.44435657194556855,27.0,11.0,21.0
5.549999999999986,0.44435657194556855,27.0,11.0,21.0
5.566666666666652,0.43976339121804836,27.0,11.0,21.0
5.583333333333319,0.43976339121804836,27.0,11.0,21.0
5.599999999999985,0.4400716291606958,27.0,11.0,21.0
5.616666666666652,0.4400716291606958,27.0,11.0,21.0
5.633333333333319,0.4400716291606958,27.0,11.0,21.0
5.649999999999985,0.4400716291606958,27.0,11.0,21.0
5.666666666666652,0.44093133771145077,27.0,11.0,21.0
5.6833333333333185,0.44093133771145077,27.0,11.0,21.0
5.699999999999985,0.44026934695013914,27.0,11.0,21.0
5.716666666666652,0.44026934695013914,27.0,11.0,21.0
5.733333333333318,0.44026934695013914,27.0,11.0,21.0
5.749999999999985,0.44026934695013914,27.0,11.0,21.0
5.7666666666666515,0.44026934695013914,27.0,11.0,21.0
5.783333333333318,0.44118381899181947,27.0,11.0,21.0
5.799999999999985,0.44126797980287075,27.0,11.0,21.0
5.816666666666651,0.4461534622197908,26.0,10.0,22.0
5.833333333333318,0.4461534622197908,26.0,10.0,22.0
5.8499999999999845,0.4461534622197908,26.0,10.0,22.0
5.866666666666651,0.4461534622197908,26.0,10.0,22.0
5.883333333333318,0.4461534622197908,26.0,10.0,22.0
5.899999999999984,0.4461534622197908,26.0,10.0,22.0
5.916666666666651,0.4461534622197908,26.0,10.0,22.0
5.933333333333318,0.4461534622197908,26.0,10.0,22.0
5.949999999999984,0.4443460317254423,26.0,10.0,22.0
5.966666666666651,0.4443460317254423,26.0,10.0,22.0
5.983333333333317,0.4443460317254423,26.0,10.0,22.0
5.999999999999984,0.4444286394614,26.0,10.0,22.0
6.016666666666651,0.4444286394614,26.0,10.0,22.0
6.033333333333317,0.4444286394614,26.0,10.0,22.0
6.049999999999984,0.4444286394614,26.0,10.0,22.0
6.06666666666665,0.4444286394614,26.0,10.0,22.0
6.083333333333317,0.4451376202099141,26.0,10.0,22.0
6.099999999999984,0.4481380980456271,26.0,10.0,22.0
6.11666666666665,0.4428692560952102,26.0,10.0,22.0
6.133333333333317,0.44416427291948596,26.0,10.0,22.0
6.1499999999999835,0.44365103874980416,26.0,10.0,22.0
6.16666666666665,0.44365103874980416,26.0,10.0,22.0
6.183333333333317,0.4428292153705245,26.0,10.0,22.0
6.199999999999983,0.4428292153705245,26.0,10.0,22.0
6.21666666666665,0.4428292153705245,26.0,10.0,22.0
6.2333333333333165,0.4428292153705245,26.0,10.0,22.0
6.249999999999983,0.44292956458897087,26.0,10.0,22.0
6.26666666666665,0.44292956458897087,26.0,10.0,22.0
6.283333333333316,0.44270286092134814,26.0,10.0,22.0
6.299999999999983,0.44270286092134814,26.0,10.0,22.0
6.3166666666666496,0.44270286092134814,26.0,10.0,22.0
6.333333333333316,0.4422769478624551,26.0,10.0,22.0
6.349999999999983,0.44238028819308234,26.0,10.0,22.0
6.366666666666649,0.4401871540913916,26.0,10.0,22.0
6.383333333333316,0.4401871540913916,26.0,10.0,22.0
6.399999999999983,0.4401871540913916,26.0,10.0,22.0
6.416666666666649,0.43981341201915514,26.0,10.0,22.0
6.433333333333316,0.43954371321239655,26.0,10.0,22.0
6.449999999999982,0.43954371321239655,26.0,10.0,22.0
6.466666666666649,0.43954371321239655,26.0,10.0,22.0
6.483333333333316,0.43954371321239655,26.0,10.0,22.0
6.499999999999982,0.43954371321239655,26.0,10.0,22.0
6.516666666666649,0.43954371321239655,26.0,10.0,22.0
6.5333333333333155,0.43954371321239655,26.0,10.0,22.0
6.549999999999982,0.43954371321239655,26.0,10.0,22.0
6.566666666666649,0.43954371321239655,26.0,10.0,22.0
6.583333333333315,0.43957947642879164,26.0,10.0,22.0
6.599999999999982,0.43957947642879164,26.0,10.0,22.0
6.6166666666666485,0.43957947642879164,26.0,10.0,22.0
6.633333333333315,0.43957947642879164,26.0,10.0,22.0
6.649999999999982,0.43957947642879164,26.0,10.0,22.0
6.666666666666648,0.43957947642879164,26.0,10.0,22.0
6.683333333333315,0.43957947642879164,26.0,10.0,22.0
6.6999999999999815,0.4396321072753528,26.0,10.0,22.0
6.716666666666648,0.4394028707683961,26.0,10.0,22.0
6.733333333333315,0.4395346617214715,26.0,10.0,22.0
6.749999999999981,0.4385423513163851,26.0,10.0,22.0
6.766666666666648,0.4385423513163851,26.0,10.0,22.0
6.783333333333315,0.4385423513163851,26.0,10.0,22.0
6.799999999999981,0.4385423513163851,26.0,10.0,22.0
6.816666666666648,0.4385423513163851,26.0,10.0,22.0
6.833333333333314,0.4385423513163851,26.0,10.0,22.0
6.849999999999981,0.4385423513163851,26.0,10.0,22.0
6.866666666666648,0.4385423513163851,26.0,10.0,22.0
6.883333333333314,0.4385423513163851,26.0,10.0,22.0
6.899999999999981,0.4385423513163851,26.0,10.0,22.0
6.916666666666647,0.4385423513163851,26.0,10.0,22.0
6.933333333333314,0.4385423513163851,26.0,10.0,22.0
6.949999999999981,0.4385423513163851,26.0,10.0,22.0
6.966666666666647,0.4415244380923515,26.0,10.0,22.0
6.983333333333314,0.4415244380923515,26.0,10.0,22.0
6.9999999999999805,0.4383337506656789,26.0,10.0,22.0
7.016666666666647,0.4383337506656789,26.0,10.0,22.0
7.033333333333314,0.4383337506656789,26.0,10.0,22.0
7.04999999999998,0.4383337506656789,26.0,10.0,22.0
7.066666666666647,0.4383337506656789,26.0,10.0,22.0
7.0833333333333135,0.4383337506656789,26.0,10.0,22.0
7.09999999999998,0.4383337506656789,26.0,10.0,22.0
7.116666666666647,0.43454544559547575,26.0,10.0,22.0
7.133333333333313,0.43454544559547575,26.0,10.0,22.0
7.14999999999998,0.43367718726400867,26.0,10.0,22.0
7.1666666666666465,0.4414780489817274,25.0,9.0,23.0
7.183333333333313,0.4414780489817274,25.0,9.0,23.0
7.19999999999998,0.4414780489817274,25.0,9.0,23.0
7.216666666666646,0.4414780489817274,25.0,9.0,23.0
7.233333333333313,0.4414780489817274,25.0,9.0,23.0
7.24999999999998,0.4414780489817274,25.0,9.0,23.0
7.266666666666646,0.44193636795032404,25.0,9.0,23.0
7.283333333333313,0.44193636795032404,25.0,9.0,23.0
7.299999999999979,0.44193636795032404,25.0,9.0,23.0
7.316666666666646,0.44193636795032404,25.0,9.0,23.0
7.333333333333313,0.42960240591613424,25.0,9.0,23.0
7.349999999999979,0.43020397025570617,25.0,9.0,23.0
7.366666666666646,0.42948196549373474,25.0,9.0,23.0
7.383333333333312,0.42948196549373474,25.0,9.0,23.0
7.399999999999979,0.42965679910744164,25.0,9.0,23.0
7.416666666666646,0.42963202202524653,25.0,9.0,23.0
7.433333333333312,0.42963202202524653,25.0,9.0,23.0
7.449999999999979,0.42963202202524653,25.0,9.0,23.0
7.4666666666666455,0.42819072880563835,25.0,9.0,23.0
7.483333333333312,0.42819072880563835,25.0,9.0,23.0
7.499999999999979,0.42819072880563835,25.0,9.0,23.0
7.516666666666645,0.42819072880563835,25.0,9.0,23.0
7.533333333333312,0.42819072880563835,25.0,9.0,23.0
7.5499999999999785,0.42819072880563835,25.0,9.0,23.0
7.566666666666645,0.42819072880563835,25.0,9.0,23.0
7.583333333333312,0.42819072880563835,25.0,9.0,23.0
7.599999999999978,0.42766680047534067,25.0,9.0,23.0
7.616666666666645,0.42766680047534067,25.0,9.0,23.0
7.6333333333333115,0.42766680047534067,25.0,9.0,23.0
7.649999999999978,0.42766680047534067,25.0,9.0,23.0
7.666666666666645,0.42766680047534067,25.0,9.0,23.0
7.683333333333311,0.42766680047534067,25.0,9.0,23.0
7.699999999999978,0.4278213718031139,25.0,9.0,23.0
7.716666666666645,0.4278213718031139,25.0,9.0,23.0
7.733333333333311,0.4278213718031139,25.0,9.0,23.0
7.749999999999978,0.4278213718031139,25.0,9.0,23.0
7.766666666666644,0.4278213718031139,25.0,9.0,23.0
7.783333333333311,0.4247867659902981,25.0,9.0,23.0
7.799999999999978,0.4247867659902981,25.0,9.0,23.0
7.816666666666644,0.4268346615748471,25.0,9.0,23.0
7.833333333333311,0.4243734796781943,25.0,9.0,23.0
7.849999999999977,0.4243734796781943,25.0,9.0,23.0
7.866666666666644,0.4243734796781943,25.0,9.0,23.0
7.883333333333311,0.4243734796781943,25.0,9.0,23.0
7.899999999999977,0.4243734796781943,25.0,9.0,23.0
7.916666666666644,0.4243734796781943,25.0,9.0,23.0
7.9333333333333105,0.4243734796781943,25.0,9.0,23.0
7.949999999999977,0.4243734796781943,25.0,9.0,23.0
7.966666666666644,0.4243734796781943,25.0,9.0,23.0
7.98333333333331,0.4243734796781943,25.0,9.0,23.0
7.999999999999977,0.4243734796781943,25.0,9.0,23.0
8.016666666666644,0.4243734796781943,25.0,9.0,23.0
8.033333333333312,0.4243734796781943,25.0,9.0,23.0
8.04999999999998,0.4243734796781943,25.0,9.0,23.0
8.066666666666647,0.4243734796781943,25.0,9.0,23.0
8.083333333333314,0.4243734796781943,25.0,9.0,23.0
8.099999999999982,0.42589374403207236,25.0,9.0,23.0
8.11666666666665,0.42328075722264974,25.0,9.0,23.0
8.133333333333317,0.42194098633673227,25.0,9.0,23.0
8.149999999999984,0.42391933791247405,25.0,9.0,23.0
8.166666666666652,0.42391933791247405,25.0,9.0,23.0
8.18333333333332,0.42391933791247405,25.0,9.0,23.0
8.199999999999987,0.4237941302466466,25.0,9.0,23.0
8.216666666666654,0.42513330397405225,25.0,9.0,23.0
8.233333333333322,0.42513330397405225,25.0,9.0,23.0
8.24999999999999,0.4243513401383359,25.0,9.0,23.0
8.266666666666657,0.4243513401383359,25.0,9.0,23.0
8.283333333333324,0.4243513401383359,25.0,9.0,23.0
8.299999999999992,0.42661961558037037,25.0,9.0,23.0
8.31666666666666,0.42858480494734075,25.0,9.0,23.0
8.333333333333327,0.4297304704661337,25.0,9.0,23.0
8.349999999999994,0.4297304704661337,25.0,9.0,23.0
8.366666666666662,0.4296455394892403,25.0,9.0,23.0
8.38333333333333,0.4300469000930179,25.0,9.0,23.0
8.399999999999997,0.4297350545464974,25.0,9.0,23.0
8.416666666666664,0.4297350545464974,25.0,9.0,23.0
8.433333333333332,0.4297350545464974,25.0,9.0,23.0
8.45,0.4297350545464974,25.0,9.0,23.0
8.466666666666667,0.4293728133460102,25.0,9.0,23.0
8.483333333333334,0.4293728133460102,25.0,9.0,23.0
8.500000000000002,0.43127182412080933,25.0,9.0,23.0
8.51666666666667,0.43331187603623217,25.0,9.0,23.0
8.533333333333337,0.43331187603623217,25.0,9.0,23.0
8.550000000000004,0.43331187603623217,25.0,9.0,23.0
8.566666666666672,0.43331187603623217,25.0,9.0,23.0
8.58333333333334,0.43331187603623217,25.0,9.0,23.0
8.600000000000007,0.43331187603623217,25.0,9.0,23.0
8.616666666666674,0.43331187603623217,25.0,9.0,23.0
8.633333333333342,0.43331187603623217,25.0,9.0,23.0
8.65000000000001,0.43331187603623217,25.0,9.0,23.0
8.666666666666677,0.43331187603623217,25.0,9.0,23.0
8.683333333333344,0.43750660095582544,25.0,9.0,23.0
8.700000000000012,0.4345683737887219,25.0,9.0,23.0
8.71666666666668,0.4345683737887219,25.0,9.0,23.0
8.733333333333347,0.4345683737887219,25.0,9.0,23.0
8.750000000000014,0.4345683737887219,25.0,9.0,23.0
8.766666666666682,0.4345683737887219,25.0,9.0,23.0
8.78333333333335,0.43517997026434047,25.0,9.0,23.0
8.800000000000017,0.43517997026434047,25.0,9.0,23.0
8.816666666666684,0.43630982131150864,25.0,9.0,23.0
8.833333333333352,0.43630982131150864,25.0,9.0,23.0
8.85000000000002,0.43630982131150864,25.0,9.0,23.0
8.866666666666687,0.43630982131150864,25.0,9.0,23.0
8.883333333333354,0.43630982131150864,25.0,9.0,23.0
8.900000000000022,0.43270272226900774,25.0,9.0,23.0
8.91666666666669,0.4282616607876871,25.0,9.0,23.0
8.933333333333357,0.42719522875034766,25.0,9.0,23.0
8.950000000000024,0.42719522875034766,25.0,9.0,23.0
8.966666666666692,0.42719522875034766,25.0,9.0,23.0
8.98333333333336,0.42719522875034766,25.0,9.0,23.0
9.000000000000027,0.42719522875034766,25.0,9.0,23.0
9.016666666666694,0.42719522875034766,25.0,9.0,23.0
9.033333333333362,0.429104786564508,25.0,9.0,23.0
9.05000000000003,0.429104786564508,25.0,9.0,23.0
9.066666666666697,0.429104786564508,25.0,9.0,23.0
9.083333333333364,0.429104786564508,25.0,9.0,23.0
9.100000000000032,0.4367673720388742,24.0,8.0,24.0
9.1166666666667,0.4367673720388742,24.0,8.0,24.0
9.133333333333367,0.4367673720388742,24.0,8.0,24.0
9.150000000000034,0.43832768363390434,24.0,8.0,24.0
9.166666666666702,0.43832768363390434,24.0,8.0,24.0
9.183333333333369,0.43832768363390434,24.0,8.0,24.0
9.200000000000037,0.43832768363390434,24.0,8.0,24.0
9.216666666666704,0.43832768363390434,24.0,8.0,24.0
9.233333333333372,0.43992829995190663,24.0,8.0,24.0
9.250000000000039,0.43951301057298287,24.0,8.0,24.0
9.266666666666707,0.44259695751672967,24.0,8.0,24.0
9.283333333333374,0.44259695751672967,24.0,8.0,24.0
9.300000000000042,0.44259695751672967,24.0,8.0,24.0
9.316666666666709,0.4378495607329525,24.0,8.0,24.0
9.333333333333377,0.4375823675391037,24.0,8.0,24.0
9.350000000000044,0.43447128250279965,24.0,8.0,24.0
9.366666666666712,0.4284423062779541,24.0,8.0,24.0
9.383333333333379,0.4284423062779541,24.0,8.0,24.0
9.400000000000047,0.4284423062779541,24.0,8.0,24.0
9.416666666666714,0.4284423062779541,24.0,8.0,24.0
9.433333333333382,0.42349863011594924,24.0,8.0,24.0
9.450000000000049,0.42349863011594924,24.0,8.0,24.0
9.466666666666717,0.4238922520155606,24.0,8.0,24.0
9.483333333333384,0.4238922520155606,24.0,8.0,24.0
9.500000000000052,0.4309747352462168,24.0,8.0,24.0
9.516666666666719,0.42138640158873764,24.0,8.0,24.0
9.533333333333387,0.42138640158873764,24.0,8.0,24.0
9.550000000000054,0.42133847187075374,24.0,8.0,24.0
9.566666666666721,0.42133847187075374,24.0,8.0,24.0
9.583333333333389,0.4335679923585487,23.0,7.0,25.0
9.600000000000056,0.4329716687775049,23.0,7.0,25.0
9.616666666666724,0.43515423818116816,23.0,7.0,25.0
9.633333333333391,0.43500758122054806,23.0,7.0,25.0
9.650000000000059,0.43500758122054806,23.0,7.0,25.0
9.666666666666726,0.43500758122054806,23.0,7.0,25.0
9.683333333333394,0.43500758122054806,23.0,7.0,25.0
9.700000000000061,0.43500758122054806,23.0,7.0,25.0
9.716666666666729,0.43500758122054806,23.0,7.0,25.0
9.733333333333396,0.43500758122054806,23.0,7.0,25.0
9.750000000000064,0.43500758122054806,23.0,7.0,25.0
9.766666666666731,0.43500758122054806,23.0,7.0,25.0
9.783333333333399,0.430820479800701,23.0,7.0,25.0
9.800000000000066,0.430820479800701,23.0,7.0,25.0
9.816666666666734,0.430820479800701,23.0,7.0,25.0
9.833333333333401,0.430820479800701,23.0,7.0,25.0
9.850000000000069,0.430820479800701,23.0,7.0,25.0
9.866666666666736,0.430820479800701,23.0,7.0,25.0
9.883333333333404,0.430820479800701,23.0,7.0,25.0
9.900000000000071,0.430820479800701,23.0,7.0,25.0
9.916666666666739,0.430820479800701,23.0,7.0,25.0
9.933333333333406,0.4308341700638049,23.0,7.0,25.0
9.950000000000074,0.4308341700638049,23.0,7.0,25.0
9.966666666666741,0.4308341700638049,23.0,7.0,25.0
9.983333333333409,0.4308341700638049,23.0,7.0,25.0
10.000000000000076,0.43010520037178746,23.0,7.0,25.0
10.016666666666744,0.43010520037178746,23.0,7.0,25.0
10.033333333333411,0.43125869928157884,23.0,7.0,25.0
10.050000000000079,0.4333778857700326,23.0,7.0,25.0
10.066666666666746,0.433508164816645,23.0,7.0,25.0
10.083333333333414,0.43832828818812564,23.0,7.0,25.0
10.100000000000081,0.43832828818812564,23.0,7.0,25.0
10.116666666666749,0.43832828818812564,23.0,7.0,25.0
10.133333333333416,0.43832828818812564,23.0,7.0,25.0
10.150000000000084,0.4323576554361646,23.0,7.0,25.0
10.166666666666751,0.4323576554361646,23.0,7.0,25.0
10.183333333333419,0.4323576554361646,23.0,7.0,25.0
10.200000000000086,0.4323576554361646,23.0,7.0,25.0
10.216666666666754,0.4323576554361646,23.0,7.0,25.0
10.233333333333421,0.43475166486050426,23.0,7.0,25.0
10.250000000000089,0.43272731343723075,23.0,7.0,25.0
10.266666666666756,0.43328134094441945,23.0,7.0,25.0
10.283333333333424,0.43328134094441945,23.0,7.0,25.0
10.300000000000091,0.43328134094441945,23.0,7.0,25.0
10.316666666666759,0.43328134094441945,23.0,7.0,25.0
10.333333333333426,0.43328728610037176,23.0,7.0,25.0
10.350000000000094,0.4409009635500349,22.0,6.0,26.0
10.366666666666761,0.4409009635500349,22.0,6.0,26.0
10.383333333333429,0.4416550506772286,22.0,6.0,26.0
10.400000000000096,0.4416550506772286,22.0,6.0,26.0
10.416666666666764,0.4416550506772286,22.0,6.0,26.0
10.433333333333431,0.4416550506772286,22.0,6.0,26.0
10.450000000000099,0.4418068770932914,22.0,6.0,26.0
10.466666666666766,0.4418114069659014,22.0,6.0,26.0
10.483333333333434,0.44086314383577074,22.0,6.0,26.0
10.500000000000101,0.44143629770549947,22.0,6.0,26.0
10.516666666666769,0.44143629770549947,22.0,6.0,26.0
10.533333333333436,0.4428852117610955,22.0,6.0,26.0
10.550000000000104,0.4428852117610955,22.0,6.0,26.0
10.566666666666771,0.4428852117610955,22.0,6.0,26.0
10.583333333333439,0.4428852117610955,22.0,6.0,26.0
10.600000000000106,0.4471700363061008,22.0,6.0,26.0
10.616666666666774,0.4471700363061008,22.0,6.0,26.0
10.633333333333441,0.4471700363061008,22.0,6.0,26.0
10.650000000000109,0.4471700363061008,22.0,6.0,26.0
10.666666666666776,0.4481962868347448,22.0,6.0,26.0
10.683333333333444,0.4481962868347448,22.0,6.0,26.0
10.700000000000111,0.45665282054860795,21.0,5.0,27.0
10.716666666666779,0.45665282054860795,21.0,5.0,27.0
10.733333333333446,0.4594015800225008,21.0,5.0,27.0
10.750000000000114,0.4594015800225008,21.0,5.0,27.0
10.766666666666781,0.46060422637872545,21.0,5.0,27.0
10.783333333333449,0.46060422637872545,21.0,5.0,27.0
10.800000000000116,0.45981790902366365,21.0,5.0,27.0
10.816666666666784,0.45981790902366365,21.0,5.0,27.0
10.833333333333451,0.45981790902366365,21.0,5.0,27.0
10.850000000000119,0.4591843772445815,21.0,5.0,27.0
10.866666666666786,0.45590344723582726,21.0,5.0,27.0
10.883333333333454,0.45719742450073164,21.0,5.0,27.0
10.900000000000121,0.45747323741554874,21.0,5.0,27.0
10.916666666666789,0.45747323741554874,21.0,5.0,27.0
10.933333333333456,0.45747323741554874,21.0,5.0,27.0
10.950000000000124,0.4565417086762015,21.0,5.0,27.0
10.966666666666791,0.4565417086762015,21.0,5.0,27.0
10.983333333333459,0.4565417086762015,21.0,5.0,27.0
11.000000000000126,0.4588476224528289,21.0,5.0,27.0
11.016666666666794,0.4585142722966273,21.0,5.0,27.0
11.033333333333461,0.4585142722966273,21.0,5.0,27.0
11.050000000000129,0.45979418167059394,21.0,5.0,27.0
11.066666666666796,0.4596823433038027,21.0,5.0,27.0
11.083333333333464,0.4596823433038027,21.0,5.0,27.0
11.100000000000131,0.45676201203289396,21.0,5.0,27.0
11.116666666666799,0.45676201203289396,21.0,5.0,27.0
11.133333333333466,0.45587239933893003,21.0,5.0,27.0
11.150000000000134,0.45671212111468934,21.0,5.0,27.0
11.166666666666801,0.45671212111468934,21.0,5.0,27.0
11.183333333333469,0.45671212111468934,21.0,5.0,27.0
11.200000000000136,0.45671212111468934,21.0,5.0,27.0
11.216666666666804,0.45671212111468934,21.0,5.0,27.0
11.233333333333471,0.45250942149178985,21.0,5.0,27.0
11.250000000000139,0.45250942149178985,21.0,5.0,27.0
11.266666666666806,0.45250942149178985,21.0,5.0,27.0
11.283333333333474,0.45250942149178985,21.0,5.0,27.0
11.300000000000141,0.45250942149178985,21.0,5.0,27.0
11.316666666666809,0.45250942149178985,21.0,5.0,27.0
11.333333333333476,0.45250942149178985,21.0,5.0,27.0
11.350000000000144,0.45250942149178985,21.0,5.0,27.0
11.366666666666811,0.45250942149178985,21.0,5.0,27.0
11.383333333333479,0.45250942149178985,21.0,5.0,27.0
11.400000000000146,0.45345436969879477,21.0,5.0,27.0
11.416666666666814,0.4557256081052496,21.0,5.0,27.0
11.433333333333481,0.4557256081052496,21.0,5.0,27.0
11.450000000000149,0.4557256081052496,21.0,5.0,27.0
11.466666666666816,0.4557256081052496,21.0,5.0,27.0
11.483333333333483,0.4557256081052496,21.0,5.0,27.0
11.500000000000151,0.4557256081052496,21.0,5.0,27.0
11.516666666666818,0.4557256081052496,21.0,5.0,27.0
11.533333333333486,0.4557256081052496,21.0,5.0,27.0
11.550000000000153,0.4557256081052496,21.0,5.0,27.0
11.566666666666821,0.4557256081052496,21.0,5.0,27.0
11.583333333333488,0.4557256081052496,21.0,5.0,27.0
11.600000000000156,0.45246850700618135,21.0,5.0,27.0
11.616666666666823,0.45246850700618135,21.0,5.0,27.0
11.633333333333491,0.45358128707956513,21.0,5.0,27.0
11.650000000000158,0.45358128707956513,21.0,5.0,27.0
11.666666666666826,0.45358128707956513,21.0,5.0,27.0
11.683333333333493,0.45358128707956513,21.0,5.0,27.0
11.700000000000161,0.45358128707956513,21.0,5.0,27.0
11.716666666666828,0.457753060824073,21.0,5.0,27.0
11.733333333333496,0.457753060824073,21.0,5.0,27.0
11.750000000000163,0.457753060824073,21.0,5.0,27.0
11.766666666666831,0.4573018784992632,21.0,5.0,27.0
11.783333333333498,0.45839128050226896,21.0,5.0,27.0
11.800000000000166,0.45878216217665196,21.0,5.0,27.0
11.816666666666833,0.45878216217665196,21.0,5.0,27.0
11.833333333333501,0.45878216217665196,21.0,5.0,27.0
11.850000000000168,0.45813213108310213,21.0,5.0,27.0
11.866666666666836,0.45813213108310213,21.0,5.0,27.0
11.883333333333503,0.4570041609922025,21.0,5.0,27.0
11.90000000000017,0.45678472539075504,21.0,5.0,27.0
11.916666666666838,0.45678472539075504,21.0,5.0,27.0
11.933333333333506,0.45678472539075504,21.0,5.0,27.0
11.950000000000173,0.45678472539075504,21.0,5.0,27.0
11.96666666666684,0.4572350195706456,21.0,5.0,27.0
11.983333333333508,0.4572350195706456,21.0,5.0,27.0
12.000000000000176,0.46466383778241527,21.0,5.0,27.0
12.016666666666843,0.46466383778241527,21.0,5.0,27.0
12.03333333333351,0.46466383778241527,21.0,5.0,27.0
12.050000000000178,0.4697918119762675,21.0,5.0,27.0
12.066666666666846,0.4697918119762675,21.0,5.0,27.0
12.083333333333513,0.4697918119762675,21.0,5.0,27.0
12.10000000000018,0.4697918119762675,21.0,5.0,27.0
12.116666666666848,0.4697918119762675,21.0,5.0,27.0
12.133333333333516,0.4697918119762675,21.0,5.0,27.0
12.150000000000183,0.46966661345340904,21.0,5.0,27.0
12.16666666666685,0.46966661345340904,21.0,5.0,27.0
12.183333333333518,0.46966661345340904,21.0,5.0,27.0
12.200000000000186,0.4640204670938499,21.0,5.0,27.0
12.216666666666853,0.4640204670938499,21.0,5.0,27.0
12.23333333333352,0.46374961062930126,21.0,5.0,27.0
12.250000000000188,0.46374961062930126,21.0,5.0,27.0
12.266666666666856,0.46374961062930126,21.0,5.0,27.0
12.283333333333523,0.46374961062930126,21.0,5.0,27.0
12.30000000000019,0.46331488826544126,21.0,5.0,27.0
12.316666666666858,0.46308898601778087,21.0,5.0,27.0
12.333333333333526,0.4629639542767643,21.0,5.0,27.0
12.350000000000193,0.4685070500888552,20.0,4.0,28.0
12.36666666666686,0.46990514936492533,20.0,4.0,28.0
12.383333333333528,0.4668606410177877,20.0,4.0,28.0
12.400000000000196,0.4668606410177877,20.0,4.0,28.0
12.416666666666863,0.4668606410177877,20.0,4.0,28.0
12.43333333333353,0.4668606410177877,20.0,4.0,28.0
12.450000000000198,0.4668606410177877,20.0,4.0,28.0
12.466666666666866,0.4668606410177877,20.0,4.0,28.0
12.483333333333533,0.4668606410177877,20.0,4.0,28.0
12.5000000000002,0.4668606410177877,20.0,4.0,28.0
12.516666666666868,0.46639803712315836,20.0,4.0,28.0
12.533333333333536,0.46639803712315836,20.0,4.0,28.0
12.550000000000203,0.46639803712315836,20.0,4.0,28.0
12.56666666666687,0.46639803712315836,20.0,4.0,28.0
12.583333333333538,0.46330006719894157,20.0,4.0,28.0
12.600000000000206,0.46076466455308823,20.0,4.0,28.0
12.616666666666873,0.46076466455308823,20.0,4.0,28.0
12.63333333333354,0.46076466455308823,20.0,4.0,28.0
12.650000000000208,0.46076466455308823,20.0,4.0,28.0
12.666666666666876,0.46076466455308823,20.0,4.0,28.0
12.683333333333543,0.4571560662908218,20.0,4.0,28.0
12.70000000000021,0.4571560662908218,20.0,4.0,28.0
12.716666666666878,0.4571560662908218,20.0,4.0,28.0
12.733333333333546,0.4571560662908218,20.0,4.0,28.0
12.750000000000213,0.4571560662908218,20.0,4.0,28.0
12.76666666666688,0.459644614342343,20.0,4.0,28.0
12.783333333333548,0.459644614342343,20.0,4.0,28.0
12.800000000000216,0.459644614342343,20.0,4.0,28.0
12.816666666666883,0.4685710235123826,19.0,3.0,29.0
12.83333333333355,0.46779358972278984,19.0,3.0,29.0
12.850000000000218,0.46779358972278984,19.0,3.0,29.0
12.866666666666886,0.4657231720955898,19.0,3.0,29.0
12.883333333333553,0.4657231720955898,19.0,3.0,29.0
12.90000000000022,0.4657231720955898,19.0,3.0,29.0
12.916666666666888,0.4657231720955898,19.0,3.0,29.0
12.933333333333556,0.46529251519181647,19.0,3.0,29.0
12.950000000000223,0.46529251519181647,19.0,3.0,29.0
12.96666666666689,0.4687790448012016,19.0,3.0,29.0
12.983333333333558,0.4687790448012016,19.0,3.0,29.0
13.000000000000226,0.46608344614353153,19.0,3.0,29.0
13.016666666666893,0.46608344614353153,19.0,3.0,29.0
13.03333333333356,0.4744072189679556,19.0,3.0,29.0
13.050000000000228,0.4744072189679556,19.0,3.0,29.0
13.066666666666896,0.4780307196468371,19.0,3.0,29.0
13.083333333333563,0.4780307196468371,19.0,3.0,29.0
13.10000000000023,0.4780307196468371,19.0,3.0,29.0
13.116666666666898,0.47779951193536957,19.0,3.0,29.0
13.133333333333566,0.4782766963106039,19.0,3.0,29.0
13.150000000000233,0.4740728409670556,19.0,3.0,29.0
13.1666666666669,0.4740728409670556,19.0,3.0,29.0
13.183333333333568,0.4740728409670556,19.0,3.0,29.0
13.200000000000236,0.4740728409670556,19.0,3.0,29.0
13.216666666666903,0.4740728409670556,19.0,3.0,29.0
13.23333333333357,0.4740728409670556,19.0,3.0,29.0
13.250000000000238,0.4740728409670556,19.0,3.0,29.0
13.266666666666906,0.4740728409670556,19.0,3.0,29.0
13.283333333333573,0.47755362323286255,19.0,3.0,29.0
13.30000000000024,0.4760694595795793,19.0,3.0,29.0
13.316666666666908,0.4760694595795793,19.0,3.0,29.0
13.333333333333576,0.4760694595795793,19.0,3.0,29.0
13.350000000000243,0.4760694595795793,19.0,3.0,29.0
13.36666666666691,0.4760694595795793,19.0,3.0,29.0
13.383333333333578,0.4760694595795793,19.0,3.0,29.0
13.400000000000245,0.47604372936303346,19.0,3.0,29.0
13.416666666666913,0.47604372936303346,19.0,3.0,29.0
13.43333333333358,0.47589214769901933,19.0,3.0,29.0
13.450000000000248,0.47589214769901933,19.0,3.0,29.0
13.466666666666915,0.47589214769901933,19.0,3.0,29.0
13.483333333333583,0.47589214769901933,19.0,3.0,29.0
13.50000000000025,0.47596346991220034,19.0,3.0,29.0
13.516666666666918,0.47596346991220034,19.0,3.0,29.0
13.533333333333585,0.475448223007298,19.0,3.0,29.0
13.550000000000253,0.475448223007298,19.0,3.0,29.0
13.56666666666692,0.4747072504617996,19.0,3.0,29.0
13.583333333333588,0.4747072504617996,19.0,3.0,29.0
13.600000000000255,0.4747072504617996,19.0,3.0,29.0
13.616666666666923,0.4750768085288669,19.0,3.0,29.0
13.63333333333359,0.4750768085288669,19.0,3.0,29.0
13.650000000000258,0.4755591493557689,19.0,3.0,29.0
13.666666666666925,0.4755591493557689,19.0,3.0,29.0
13.683333333333593,0.4755591493557689,19.0,3.0,29.0
13.70000000000026,0.4755591493557689,19.0,3.0,29.0
13.716666666666928,0.4755591493557689,19.0,3.0,29.0
13.733333333333595,0.47578442141255955,19.0,3.0,29.0
13.750000000000263,0.47578442141255955,19.0,3.0,29.0
13.76666666666693,0.47578442141255955,19.0,3.0,29.0
13.783333333333598,0.47578442141255955,19.0,3.0,29.0
13.800000000000265,0.47578442141255955,19.0,3.0,29.0
13.816666666666933,0.4795547253023352,19.0,3.0,29.0
13.8333333333336,0.4795547253023352,19.0,3.0,29.0
13.850000000000268,0.47844125945247673,19.0,3.0,29.0
13.866666666666935,0.47725988932369223,19.0,3.0,29.0
13.883333333333603,0.4780181578397176,19.0,3.0,29.0
13.90000000000027,0.4780181578397176,19.0,3.0,29.0
13.916666666666938,0.4809251606404699,19.0,3.0,29.0
13.933333333333605,0.4809251606404699,19.0,3.0,29.0
13.950000000000273,0.4809251606404699,19.0,3.0,29.0
13.96666666666694,0.4809251606404699,19.0,3.0,29.0
13.983333333333608,0.48435747060814127,19.0,3.0,29.0
14.000000000000275,0.47907930799065424,19.0,3.0,29.0
14.016666666666943,0.4758449763883388,19.0,3.0,29.0
14.03333333333361,0.4756194462743096,19.0,3.0,29.0
14.050000000000278,0.4756194462743096,19.0,3.0,29.0
14.066666666666945,0.4756194462743096,19.0,3.0,29.0
14.083333333333613,0.4756194462743096,19.0,3.0,29.0
14.10000000000028,0.4756194462743096,19.0,3.0,29.0
14.116666666666948,0.4755920267962037,19.0,3.0,29.0
14.133333333333615,0.4725572632841965,19.0,3.0,29.0
14.150000000000283,0.4737281334010572,19.0,3.0,29.0
14.16666666666695,0.4737281334010572,19.0,3.0,29.0
14.183333333333618,0.47568642827781255,19.0,3.0,29.0
14.200000000000285,0.47568642827781255,19.0,3.0,29.0
14.216666666666953,0.47568642827781255,19.0,3.0,29.0
14.23333333333362,0.4760777751161636,19.0,3.0,29.0
14.250000000000288,0.4760777751161636,19.0,3.0,29.0
14.266666666666955,0.4760777751161636,19.0,3.0,29.0
14.283333333333623,0.46981461331790264,19.0,3.0,29.0
14.30000000000029,0.46981461331790264,19.0,3.0,29.0
14.316666666666958,0.46981461331790264,19.0,3.0,29.0
14.333333333333625,0.4792109055842607,18.0,2.0,30.0
14.350000000000293,0.4792109055842607,18.0,2.0,30.0
14.36666666666696,0.4792109055842607,18.0,2.0,30.0
14.383333333333628,0.4792109055842607,18.0,2.0,30.0
14.400000000000295,0.4792109055842607,18.0,2.0,30.0
14.416666666666963,0.4792109055842607,18.0,2.0,30.0
14.43333333333363,0.4792109055842607,18.0,2.0,30.0
14.450000000000298,0.4792109055842607,18.0,2.0,30.0
14.466666666666965,0.47472811771443724,18.0,2.0,30.0
14.483333333333633,0.47472811771443724,18.0,2.0,30.0
14.5000000000003,0.47472811771443724,18.0,2.0,30.0
14.516666666666968,0.47472811771443724,18.0,2.0,30.0
14.533333333333635,0.4703354111114556,18.0,2.0,30.0
14.550000000000303,0.4703354111114556,18.0,2.0,30.0
14.56666666666697,0.47042049781694895,18.0,2.0,30.0
14.583333333333638,0.47042049781694895,18.0,2.0,30.0
14.600000000000305,0.47042049781694895,18.0,2.0,30.0
14.616666666666973,0.46943936628659716,18.0,2.0,30.0
14.63333333333364,0.4740821653449777,18.0,2.0,30.0
14.650000000000308,0.4740821653449777,18.0,2.0,30.0
14.666666666666975,0.4740284515239247,18.0,2.0,30.0
14.683333333333643,0.4740284515239247,18.0,2.0,30.0
14.70000000000031,0.4740284515239247,18.0,2.0,30.0
14.716666666666978,0.4740284515239247,18.0,2.0,30.0
14.733333333333645,0.4774008865252315,18.0,2.0,30.0
14.750000000000313,0.4774008865252315,18.0,2.0,30.0
14.76666666666698,0.47800971274088083,18.0,2.0,30.0
14.783333333333648,0.47800971274088083,18.0,2.0,30.0
14.800000000000315,0.47800971274088083,18.0,2.0,30.0
14.816666666666983,0.47800971274088083,18.0,2.0,30.0
14.83333333333365,0.47800971274088083,18.0,2.0,30.0
14.850000000000318,0.47800971274088083,18.0,2.0,30.0
14.866666666666985,0.47800971274088083,18.0,2.0,30.0
14.883333333333653,0.47800971274088083,18.0,2.0,30.0
14.90000000000032,0.47800971274088083,18.0,2.0,30.0
14.916666666666988,0.47800971274088083,18.0,2.0,30.0
14.933333333333655,0.47800971274088083,18.0,2.0,30.0
14.950000000000323,0.47714674475010166,18.0,2.0,30.0
14.96666666666699,0.47714674475010166,18.0,2.0,30.0
14.983333333333658,0.47714621862662265,18.0,2.0,30.0
15.000000000000325,0.47714621862662265,18.0,2.0,30.0
15.016666666666993,0.47714621862662265,18.0,2.0,30.0
15.03333333333366,0.47714621862662265,18.0,2.0,30.0
15.050000000000328,0.48142023394197503,18.0,2.0,30.0
15.066666666666995,0.48142023394197503,18.0,2.0,30.0
15.083333333333663,0.48142023394197503,18.0,2.0,30.0
15.10000000000033,0.480333392067704,18.0,2.0,30.0
15.116666666666998,0.480333392067704,18.0,2.0,30.0
15.133333333333665,0.480333392067704,18.0,2.0,30.0
15.150000000000333,0.480333392067704,18.0,2.0,30.0
15.166666666667,0.4795926210650442,18.0,2.0,30.0
15.183333333333668,0.4795926210650442,18.0,2.0,30.0
15.200000000000335,0.4795926210650442,18.0,2.0,30.0
15.216666666667003,0.4795926210650442,18.0,2.0,30.0
15.23333333333367,0.4781692432442708,18.0,2.0,30.0
15.250000000000338,0.476593145499582,18.0,2.0,30.0
15.266666666667005,0.476593145499582,18.0,2.0,30.0
15.283333333333672,0.476593145499582,18.0,2.0,30.0
15.30000000000034,0.476593145499582,18.0,2.0,30.0
15.316666666667007,0.476593145499582,18.0,2.0,30.0
15.333333333333675,0.4764656194934588,18.0,2.0,30.0
15.350000000000342,0.4764656194934588,18.0,2.0,30.0
15.36666666666701,0.4781925708462623,18.0,2.0,30.0
15.383333333333677,0.4781925708462623,18.0,2.0,30.0
15.400000000000345,0.48003076600441524,18.0,2.0,30.0
15.416666666667012,0.48003076600441524,18.0,2.0,30.0
15.43333333333368,0.48140564453101714,18.0,2.0,30.0
15.450000000000347,0.48140564453101714,18.0,2.0,30.0
15.466666666667015,0.48140564453101714,18.0,2.0,30.0
15.483333333333682,0.48140564453101714,18.0,2.0,30.0
15.50000000000035,0.48140564453101714,18.0,2.0,30.0
15.516666666667017,0.48140564453101714,18.0,2.0,30.0
15.533333333333685,0.48150290037873733,18.0,2.0,30.0
15.550000000000352,0.48150290037873733,18.0,2.0,30.0
15.56666666666702,0.4822120770411535,18.0,2.0,30.0
15.583333333333687,0.4822120770411535,18.0,2.0,30.0
15.600000000000355,0.48239477190404756,18.0,2.0,30.0
15.616666666667022,0.48267545431235237,18.0,2.0,30.0
15.63333333333369,0.4788003707193708,18.0,2.0,30.0
15.650000000000357,0.4788003707193708,18.0,2.0,30.0
15.666666666667025,0.4788003707193708,18.0,2.0,30.0
15.683333333333692,0.4788003707193708,18.0,2.0,30.0
15.70000000000036,0.4788003707193708,18.0,2.0,30.0
15.716666666667027,0.4788003707193708,18.0,2.0,30.0
15.733333333333695,0.4788003707193708,18.0,2.0,30.0
15.750000000000362,0.4789530335701136,18.0,2.0,30.0
15.76666666666703,0.4789530335701136,18.0,2.0,30.0
15.783333333333697,0.4789530335701136,18.0,2.0,30.0
15.800000000000365,0.4788667116673518,18.0,2.0,30.0
15.816666666667032,0.4775369326924955,18.0,2.0,30.0
15.8333333333337,0.4775369326924955,18.0,2.0,30.0
15.850000000000367,0.4775369326924955,18.0,2.0,30.0
15.866666666667035,0.4727441653139162,18.0,2.0,30.0
15.883333333333702,0.4727441653139162,18.0,2.0,30.0
15.90000000000037,0.4727441653139162,18.0,2.0,30.0
15.916666666667037,0.4727441653139162,18.0,2.0,30.0
15.933333333333705,0.4718757015487806,18.0,2.0,30.0
15.950000000000372,0.4718757015487806,18.0,2.0,30.0
15.96666666666704,0.4718757015487806,18.0,2.0,30.0
15.983333333333707,0.4718757015487806,18.0,2.0,30.0
16.000000000000373,0.47244502201970257,18.0,2.0,30.0
16.01666666666704,0.47244502201970257,18.0,2.0,30.0
16.033333333333704,0.47244502201970257,18.0,2.0,30.0
16.05000000000037,0.4759029712223733,18.0,2.0,30.0
16.066666666667036,0.47867163023481046,18.0,2.0,30.0
16.0833333333337,0.47867163023481046,18.0,2.0,30.0
16.100000000000367,0.47867163023481046,18.0,2.0,30.0
16.116666666667033,0.47867163023481046,18.0,2.0,30.0
16.1333333333337,0.4823882810856351,18.0,2.0,30.0
16.150000000000365,0.4823882810856351,18.0,2.0,30.0
16.16666666666703,0.4823882810856351,18.0,2.0,30.0
16.183333333333696,0.48200428833725234,18.0,2.0,30.0
16.20000000000036,0.4825086046784609,18.0,2.0,30.0
16.216666666667027,0.4825086046784609,18.0,2.0,30.0
16.233333333333693,0.4825086046784609,18.0,2.0,30.0
16.25000000000036,0.48432137543331966,18.0,2.0,30.0
16.266666666667025,0.48432137543331966,18.0,2.0,30.0
16.28333333333369,0.48432137543331966,18.0,2.0,30.0
16.300000000000356,0.48432137543331966,18.0,2.0,30.0
16.31666666666702,0.48432137543331966,18.0,2.0,30.0
16.333333333333687,0.48398903961245665,18.0,2.0,30.0
16.350000000000353,0.4861297260889,18.0,2.0,30.0
16.36666666666702,0.48552340043513176,18.0,2.0,30.0
16.383333333333685,0.48552340043513176,18.0,2.0,30.0
16.40000000000035,0.48528639757288944,18.0,2.0,30.0
16.416666666667016,0.48528639757288944,18.0,2.0,30.0
16.43333333333368,0.48296239065333185,18.0,2.0,30.0
16.450000000000347,0.48296239065333185,18.0,2.0,30.0
16.466666666667013,0.48296239065333185,18.0,2.0,30.0
16.48333333333368,0.48296239065333185,18.0,2.0,30.0
16.500000000000345,0.4816763747584651,18.0,2.0,30.0
16.51666666666701,0.4816763747584651,18.0,2.0,30.0
16.533333333333676,0.4816763747584651,18.0,2.0,30.0
16.55000000000034,0.4816763747584651,18.0,2.0,30.0
16.566666666667007,0.4816763747584651,18.0,2.0,30.0
16.583333333333673,0.4816763747584651,18.0,2.0,30.0
16.60000000000034,0.4816763747584651,18.0,2.0,30.0
16.616666666667005,0.48530700594295134,18.0,2.0,30.0
16.63333333333367,0.48530700594295134,18.0,2.0,30.0
16.650000000000336,0.48530700594295134,18.0,2.0,30.0
16.666666666667002,0.4853156848123148,18.0,2.0,30.0
16.683333333333668,0.48628822781257564,18.0,2.0,30.0
16.700000000000333,0.48628822781257564,18.0,2.0,30.0
16.716666666667,0.4793579154742158,18.0,2.0,30.0
16.733333333333665,0.4793579154742158,18.0,2.0,30.0
16.75000000000033,0.4793579154742158,18.0,2.0,30.0
16.766666666666996,0.47737264839657945,18.0,2.0,30.0
16.783333333333662,0.47782561230014997,18.0,2.0,30.0
16.800000000000328,0.47782561230014997,18.0,2.0,30.0
16.816666666666993,0.47901562355449073,18.0,2.0,30.0
16.83333333333366,0.47901562355449073,18.0,2.0,30.0
16.850000000000325,0.476915956865608,18.0,2.0,30.0
16.86666666666699,0.476915956865608,18.0,2.0,30.0
16.883333333333656,0.476915956865608,18.0,2.0,30.0
16.900000000000322,0.476915956865608,18.0,2.0,30.0
16.916666666666988,0.4759610904726483,18.0,2.0,30.0
16.933333333333653,0.4751603981588457,18.0,2.0,30.0
16.95000000000032,0.4751603981588457,18.0,2.0,30.0
16.966666666666985,0.4751603981588457,18.0,2.0,30.0
16.98333333333365,0.4814319287169823,18.0,2.0,30.0
17.000000000000316,0.4814319287169823,18.0,2.0,30.0
17.016666666666982,0.4799289311321431,18.0,2.0,30.0
17.033333333333648,0.4799289311321431,18.0,2.0,30.0
17.050000000000313,0.4799289311321431,18.0,2.0,30.0
17.06666666666698,0.4799289311321431,18.0,2.0,30.0
17.083333333333645,0.4799289311321431,18.0,2.0,30.0
17.10000000000031,0.4799289311321431,18.0,2.0,30.0
17.116666666666976,0.4799289311321431,18.0,2.0,30.0
17.133333333333642,0.47811001882859727,18.0,2.0,30.0
17.150000000000308,0.47606283096356117,18.0,2.0,30.0
17.166666666666973,0.47828488464084573,18.0,2.0,30.0
17.18333333333364,0.4769983739428632,18.0,2.0,30.0
17.200000000000305,0.4769983739428632,18.0,2.0,30.0
17.21666666666697,0.476859883059036,18.0,2.0,30.0
17.233333333333636,0.476859883059036,18.0,2.0,30.0
17.250000000000302,0.4765029010889509,18.0,2.0,30.0
17.266666666666968,0.4775284533767076,18.0,2.0,30.0
17.283333333333633,0.4775284533767076,18.0,2.0,30.0
17.3000000000003,0.47787014532513666,18.0,2.0,30.0
17.316666666666965,0.47787014532513666,18.0,2.0,30.0
17.33333333333363,0.47787014532513666,18.0,2.0,30.0
17.350000000000296,0.47810912762559765,18.0,2.0,30.0
17.366666666666962,0.47810912762559765,18.0,2.0,30.0
17.383333333333628,0.48192910033107267,18.0,2.0,30.0
17.400000000000293,0.48518785851092355,18.0,2.0,30.0
17.41666666666696,0.48515519554819153,18.0,2.0,30.0
17.433333333333625,0.48445354456247564,18.0,2.0,30.0
17.45000000000029,0.48445354456247564,18.0,2.0,30.0
17.466666666666956,0.48445354456247564,18.0,2.0,30.0
17.483333333333622,0.48445354456247564,18.0,2.0,30.0
17.500000000000288,0.48445354456247564,18.0,2.0,30.0
17.516666666666953,0.48479477545594535,18.0,2.0,30.0
17.53333333333362,0.48479477545594535,18.0,2.0,30.0
17.550000000000285,0.48333932460804835,18.0,2.0,30.0
17.56666666666695,0.48333932460804835,18.0,2.0,30.0
17.583333333333616,0.48333932460804835,18.0,2.0,30.0
17.600000000000282,0.48333932460804835,18.0,2.0,30.0
17.616666666666948,0.48333932460804835,18.0,2.0,30.0
17.633333333333614,0.48333932460804835,18.0,2.0,30.0
17.65000000000028,0.48333932460804835,18.0,2.0,30.0
17.666666666666945,0.48301205070331066,18.0,2.0,30.0
17.68333333333361,0.48301205070331066,18.0,2.0,30.0
17.700000000000276,0.48301205070331066,18.0,2.0,30.0
17.716666666666942,0.48301205070331066,18.0,2.0,30.0
17.733333333333608,0.48294539706355655,18.0,2.0,30.0
17.750000000000274,0.48294539706355655,18.0,2.0,30.0
17.76666666666694,0.48294539706355655,18.0,2.0,30.0
17.783333333333605,0.48281532774139513,18.0,2.0,30.0
17.80000000000027,0.48281532774139513,18.0,2.0,30.0
17.816666666666936,0.48281532774139513,18.0,2.0,30.0
17.833333333333602,0.48313545735900937,18.0,2.0,30.0
17.850000000000268,0.48313545735900937,18.0,2.0,30.0
17.866666666666934,0.4797561616583879,18.0,2.0,30.0
17.8833333333336,0.4797561616583879,18.0,2.0,30.0
17.900000000000265,0.4797561616583879,18.0,2.0,30.0
17.91666666666693,0.4797561616583879,18.0,2.0,30.0
17.933333333333596,0.47957876474083094,18.0,2.0,30.0
17.950000000000262,0.47957876474083094,18.0,2.0,30.0
17.966666666666928,0.48013324587761214,18.0,2.0,30.0
17.983333333333594,0.47494440477853095,18.0,2.0,30.0
18.00000000000026,0.47494440477853095,18.0,2.0,30.0
18.016666666666925,0.4732184142004247,18.0,2.0,30.0
18.03333333333359,0.4732184142004247,18.0,2.0,30.0
18.050000000000257,0.4716115817330787,18.0,2.0,30.0
18.066666666666922,0.4716115817330787,18.0,2.0,30.0
18.083333333333588,0.4716115817330787,18.0,2.0,30.0
18.100000000000254,0.4716115817330787,18.0,2.0,30.0
18.11666666666692,0.4716115817330787,18.0,2.0,30.0
18.133333333333585,0.4716115817330787,18.0,2.0,30.0
18.15000000000025,0.47136985896511063,18.0,2.0,30.0
18.166666666666917,0.4695142172771994,18.0,2.0,30.0
18.183333333333582,0.4695142172771994,18.0,2.0,30.0
18.200000000000248,0.4700930086167902,18.0,2.0,30.0
18.216666666666914,0.4698316588580537,18.0,2.0,30.0
18.23333333333358,0.4698316588580537,18.0,2.0,30.0
18.250000000000245,0.4699117105826222,18.0,2.0,30.0
18.26666666666691,0.46724054681270466,18.0,2.0,30.0
18.283333333333577,0.449912591166947,18.0,2.0,30.0
18.300000000000242,0.449912591166947,18.0,2.0,30.0
18.316666666666908,0.4498911459899803,18.0,2.0,30.0
18.333333333333574,0.45031563045879336,18.0,2.0,30.0
18.35000000000024,0.45105201539406314,18.0,2.0,30.0
18.366666666666905,0.45105201539406314,18.0,2.0,30.0
18.38333333333357,0.45570676960677214,18.0,2.0,30.0
18.400000000000237,0.45570676960677214,18.0,2.0,30.0
18.416666666666902,0.45570676960677214,18.0,2.0,30.0
18.433333333333568,0.45570676960677214,18.0,2.0,30.0
18.450000000000234,0.45570676960677214,18.0,2.0,30.0
18.4666666666669,0.45570676960677214,18.0,2.0,30.0
18.483333333333565,0.45570676960677214,18.0,2.0,30.0
18.50000000000023,0.45570676960677214,18.0,2.0,30.0
18.516666666666897,0.45570676960677214,18.0,2.0,30.0
18.533333333333562,0.45570676960677214,18.0,2.0,30.0
18.550000000000228,0.45570676960677214,18.0,2.0,30.0
18.566666666666894,0.45570676960677214,18.0,2.0,30.0
18.58333333333356,0.45570676960677214,18.0,2.0,30.0
18.600000000000225,0.45570676960677214,18.0,2.0,30.0
18.61666666666689,0.4542722062785079,18.0,2.0,30.0
18.633333333333557,0.4542722062785079,18.0,2.0,30.0
18.650000000000222,0.4541152147810207,18.0,2.0,30.0
18.666666666666888,0.4541152147810207,18.0,2.0,30.0
18.683333333333554,0.45803467804792924,18.0,2.0,30.0
18.70000000000022,0.45859006435570704,18.0,2.0,30.0
18.716666666666885,0.45859006435570704,18.0,2.0,30.0
18.73333333333355,0.4617266389719162,18.0,2.0,30.0
18.750000000000217,0.4617266389719162,18.0,2.0,30.0
18.766666666666882,0.45424506900611933,18.0,2.0,30.0
18.783333333333548,0.45424506900611933,18.0,2.0,30.0
18.800000000000214,0.45424506900611933,18.0,2.0,30.0
18.81666666666688,0.45424506900611933,18.0,2.0,30.0
18.833333333333545,0.45424506900611933,18.0,2.0,30.0
18.85000000000021,0.45424506900611933,18.0,2.0,30.0
18.866666666666877,0.45424506900611933,18.0,2.0,30.0
18.883333333333542,0.45424506900611933,18.0,2.0,30.0
18.900000000000208,0.45424506900611933,18.0,2.0,30.0
18.916666666666874,0.45424506900611933,18.0,2.0,30.0
18.93333333333354,0.45424506900611933,18.0,2.0,30.0
18.950000000000205,0.4567057146467597,18.0,2.0,30.0
18.96666666666687,0.45500371447099736,18.0,2.0,30.0
18.983333333333537,0.45500615907750525,18.0,2.0,30.0
19.000000000000203,0.45500615907750525,18.0,2.0,30.0
19.01666666666687,0.45500615907750525,18.0,2.0,30.0
19.033333333333534,0.45500615907750525,18.0,2.0,30.0
19.0500000000002,0.45500615907750525,18.0,2.0,30.0
19.066666666666865,0.45500615907750525,18.0,2.0,30.0
19.08333333333353,0.45790557293070255,18.0,2.0,30.0
19.100000000000197,0.45790557293070255,18.0,2.0,30.0
19.116666666666863,0.45830304851795656,18.0,2.0,30.0
19.13333333333353,0.45830304851795656,18.0,2.0,30.0
19.150000000000194,0.45830304851795656,18.0,2.0,30.0
19.16666666666686,0.45830304851795656,18.0,2.0,30.0
19.183333333333525,0.45830304851795656,18.0,2.0,30.0
19.20000000000019,0.45830304851795656,18.0,2.0,30.0
19.216666666666857,0.45830304851795656,18.0,2.0,30.0
19.233333333333523,0.45830304851795656,18.0,2.0,30.0
19.25000000000019,0.46150383092173036,18.0,2.0,30.0
19.266666666666854,0.46150383092173036,18.0,2.0,30.0
19.28333333333352,0.46150383092173036,18.0,2.0,30.0
19.300000000000185,0.46150383092173036,18.0,2.0,30.0
19.31666666666685,0.46150383092173036,18.0,2.0,30.0
19.333333333333517,0.46275920483156846,18.0,2.0,30.0
19.350000000000183,0.46275920483156846,18.0,2.0,30.0
19.36666666666685,0.46275920483156846,18.0,2.0,30.0
19.383333333333514,0.46275920483156846,18.0,2.0,30.0
19.40000000000018,0.46275920483156846,18.0,2.0,30.0
19.416666666666845,0.46275920483156846,18.0,2.0,30.0
19.43333333333351,0.45989791202231,18.0,2.0,30.0
19.450000000000177,0.46045232143914766,18.0,2.0,30.0
19.466666666666843,0.4608881240182236,18.0,2.0,30.0
19.48333333333351,0.4608881240182236,18.0,2.0,30.0
19.500000000000174,0.46100860822233813,18.0,2.0,30.0
19.51666666666684,0.46100860822233813,18.0,2.0,30.0
19.533333333333506,0.46100860822233813,18.0,2.0,30.0
19.55000000000017,0.45796922129588613,18.0,2.0,30.0
19.566666666666837,0.45796922129588613,18.0,2.0,30.0
19.583333333333503,0.45796922129588613,18.0,2.0,30.0
19.60000000000017,0.4562566497672719,18.0,2.0,30.0
19.616666666666834,0.4562566497672719,18.0,2.0,30.0
19.6333333333335,0.4562566497672719,18.0,2.0,30.0
19.650000000000166,0.4559342466380778,18.0,2.0,30.0
19.66666666666683,0.4559342466380778,18.0,2.0,30.0
19.683333333333497,0.4559342466380778,18.0,2.0,30.0
19.700000000000163,0.4559342466380778,18.0,2.0,30.0
19.71666666666683,0.45889595780351994,18.0,2.0,30.0
19.733333333333494,0.47405763468916823,18.0,2.0,30.0
19.75000000000016,0.47405763468916823,18.0,2.0,30.0
19.766666666666826,0.47405763468916823,18.0,2.0,30.0
19.78333333333349,0.47405763468916823,18.0,2.0,30.0
19.800000000000157,0.47405763468916823,18.0,2.0,30.0
19.816666666666823,0.47405763468916823,18.0,2.0,30.0
19.83333333333349,0.47293050240578227,18.0,2.0,30.0
19.850000000000154,0.47293050240578227,18.0,2.0,30.0
19.86666666666682,0.47293050240578227,18.0,2.0,30.0
19.883333333333486,0.47293050240578227,18.0,2.0,30.0
19.90000000000015,0.47293050240578227,18.0,2.0,30.0
19.916666666666817,0.47293050240578227,18.0,2.0,30.0
19.933333333333483,0.47293050240578227,18.0,2.0,30.0
19.95000000000015,0.47301151632457666,18.0,2.0,30.0
19.966666666666814,0.47301151632457666,18.0,2.0,30.0
19.98333333333348,0.47301151632457666,18.0,2.0,30.0
20.000000000000146,0.47301151632457666,18.0,2.0,30.0
20.01666666666681,0.47307186154671027,18.0,2.0,30.0
20.033333333333477,0.47307186154671027,18.0,2.0,30.0
20.050000000000143,0.47307186154671027,18.0,2.0,30.0
20.06666666666681,0.47307186154671027,18.0,2.0,30.0
20.083333333333474,0.47307186154671027,18.0,2.0,30.0
20.10000000000014,0.4714124605344096,18.0,2.0,30.0
20.116666666666806,0.4714124605344096,18.0,2.0,30.0
20.13333333333347,0.4714124605344096,18.0,2.0,30.0
20.150000000000137,0.4746152922847914,18.0,2.0,30.0
20.166666666666803,0.4746152922847914,18.0,2.0,30.0
20.18333333333347,0.4746152922847914,18.0,2.0,30.0
20.200000000000134,0.4843013186579505,17.0,1.0,31.0
20.2166666666668,0.4843013186579505,17.0,1.0,31.0
20.233333333333466,0.4843013186579505,17.0,1.0,31.0
20.25000000000013,0.49465767405589384,17.0,1.0,31.0
20.266666666666797,0.49465767405589384,17.0,1.0,31.0
20.283333333333463,0.49465767405589384,17.0,1.0,31.0
20.30000000000013,0.49721842917455084,17.0,1.0,31.0
20.316666666666794,0.4961334004794707,17.0,1.0,31.0
20.33333333333346,0.4961495723802327,17.0,1.0,31.0
20.350000000000126,0.4943702696282193,17.0,1.0,31.0
20.36666666666679,0.4943702696282193,17.0,1.0,31.0
20.383333333333457,0.4943702696282193,17.0,1.0,31.0
20.400000000000123,0.4943702696282193,17.0,1.0,31.0
20.41666666666679,0.4943702696282193,17.0,1.0,31.0
20.433333333333454,0.4943702696282193,17.0,1.0,31.0
20.45000000000012,0.4943702696282193,17.0,1.0,31.0
20.466666666666786,0.4917297644849968,17.0,1.0,31.0
20.48333333333345,0.4917297644849968,17.0,1.0,31.0
20.500000000000117,0.4917297644849968,17.0,1.0,31.0
20.516666666666783,0.4917297644849968,17.0,1.0,31.0
20.53333333333345,0.4917297644849968,17.0,1.0,31.0
20.550000000000114,0.49399350816952237,17.0,1.0,31.0
20.56666666666678,0.49399350816952237,17.0,1.0,31.0
20.583333333333446,0.49399350816952237,17.0,1.0,31.0
20.60000000000011,0.49399350816952237,17.0,1.0,31.0
20.616666666666777,0.49399350816952237,17.0,1.0,31.0
20.633333333333443,0.4912799375471618,17.0,1.0,31.0
20.65000000000011,0.4874255126510562,17.0,1.0,31.0
20.666666666666774,0.4874255126510562,17.0,1.0,31.0
20.68333333333344,0.4856075036655974,17.0,1.0,31.0
20.700000000000106,0.4856075036655974,17.0,1.0,31.0
20.71666666666677,0.4856075036655974,17.0,1.0,31.0
20.733333333333437,0.4856075036655974,17.0,1.0,31.0
20.750000000000103,0.4856075036655974,17.0,1.0,31.0
20.76666666666677,0.4856075036655974,17.0,1.0,31.0
20.783333333333434,0.48711908390432795,17.0,1.0,31.0
20.8000000000001,0.4853379492070511,17.0,1.0,31.0
20.816666666666766,0.4853379492070511,17.0,1.0,31.0
20.83333333333343,0.48702493232051675,17.0,1.0,31.0
20.850000000000097,0.48300077748379344,17.0,1.0,31.0
20.866666666666763,0.48300077748379344,17.0,1.0,31.0
20.88333333333343,0.48300077748379344,17.0,1.0,31.0
20.900000000000095,0.48300077748379344,17.0,1.0,31.0
20.91666666666676,0.48300077748379344,17.0,1.0,31.0
20.933333333333426,0.48358401899715636,17.0,1.0,31.0
20.95000000000009,0.48358401899715636,17.0,1.0,31.0
20.966666666666757,0.48358401899715636,17.0,1.0,31.0
20.983333333333423,0.48358401899715636,17.0,1.0,31.0
21.00000000000009,0.48358401899715636,17.0,1.0,31.0
21.016666666666755,0.4846760343643408,17.0,1.0,31.0
21.03333333333342,0.4846760343643408,17.0,1.0,31.0
21.050000000000086,0.4846760343643408,17.0,1.0,31.0
21.06666666666675,0.4846760343643408,17.0,1.0,31.0
21.083333333333417,0.4846760343643408,17.0,1.0,31.0
21.100000000000083,0.4846760343643408,17.0,1.0,31.0
21.11666666666675,0.4846760343643408,17.0,1.0,31.0
21.133333333333415,0.4838149425104002,17.0,1.0,31.0
21.15000000000008,0.4838149425104002,17.0,1.0,31.0
21.166666666666746,0.4838149425104002,17.0,1.0,31.0
21.18333333333341,0.4838149425104002,17.0,1.0,31.0
21.200000000000077,0.4838149425104002,17.0,1.0,31.0
21.216666666666743,0.4838149425104002,17.0,1.0,31.0
21.23333333333341,0.4838149425104002,17.0,1.0,31.0
21.250000000000075,0.4838149425104002,17.0,1.0,31.0
21.26666666666674,0.48441331410544275,17.0,1.0,31.0
21.283333333333406,0.48441331410544275,17.0,1.0,31.0
21.30000000000007,0.48441331410544275,17.0,1.0,31.0
21.316666666666737,0.48441331410544275,17.0,1.0,31.0
21.333333333333403,0.4843958072298975,17.0,1.0,31.0
21.35000000000007,0.4843958072298975,17.0,1.0,31.0
21.366666666666735,0.4843958072298975,17.0,1.0,31.0
21.3833333333334,0.4787816003236222,17.0,1.0,31.0
21.400000000000066,0.47847894113614,17.0,1.0,31.0
21.416666666666732,0.47847894113614,17.0,1.0,31.0
21.433333333333398,0.47847894113614,17.0,1.0,31.0
21.450000000000063,0.47847894113614,17.0,1.0,31.0
21.46666666666673,0.47847894113614,17.0,1.0,31.0
21.483333333333395,0.47847894113614,17.0,1.0,31.0
21.50000000000006,0.47847894113614,17.0,1.0,31.0
21.516666666666726,0.47847894113614,17.0,1.0,31.0
21.533333333333392,0.47847894113614,17.0,1.0,31.0
21.550000000000058,0.47847894113614,17.0,1.0,31.0
21.566666666666723,0.47847894113614,17.0,1.0,31.0
21.58333333333339,0.48341377799792357,17.0,1.0,31.0
21.600000000000055,0.48341377799792357,17.0,1.0,31.0
21.61666666666672,0.48341377799792357,17.0,1.0,31.0
21.633333333333386,0.48341377799792357,17.0,1.0,31.0
21.650000000000052,0.48341377799792357,17.0,1.0,31.0
21.666666666666718,0.4822693422724042,17.0,1.0,31.0
21.683333333333383,0.4822272758974398,17.0,1.0,31.0
21.70000000000005,0.4822272758974398,17.0,1.0,31.0
21.716666666666715,0.4790727078300667,17.0,1.0,31.0
21.73333333333338,0.4800634962252353,17.0,1.0,31.0
21.750000000000046,0.4800634962252353,17.0,1.0,31.0
21.766666666666712,0.480286778408737,17.0,1.0,31.0
21.783333333333378,0.480286778408737,17.0,1.0,31.0
21.800000000000043,0.48221789735652115,17.0,1.0,31.0
21.81666666666671,0.48221789735652115,17.0,1.0,31.0
21.833333333333375,0.48220929324008105,17.0,1.0,31.0
21.85000000000004,0.48220929324008105,17.0,1.0,31.0
21.866666666666706,0.48220929324008105,17.0,1.0,31.0
21.883333333333372,0.48220929324008105,17.0,1.0,31.0
21.900000000000038,0.48220929324008105,17.0,1.0,31.0
21.916666666666703,0.48220929324008105,17.0,1.0,31.0
21.93333333333337,0.4824448535661896,17.0,1.0,31.0
21.950000000000035,0.4824448535661896,17.0,1.0,31.0
21.9666666666667,0.48339984779108086,17.0,1.0,31.0
21.983333333333366,0.48230432278832,17.0,1.0,31.0
22.000000000000032,0.48230432278832,17.0,1.0,31.0
22.016666666666698,0.48230432278832,17.0,1.0,31.0
22.033333333333363,0.48230432278832,17.0,1.0,31.0
22.05000000000003,0.48230432278832,17.0,1.0,31.0
22.066666666666695,0.48230432278832,17.0,1.0,31.0
22.08333333333336,0.48230432278832,17.0,1.0,31.0
22.100000000000026,0.48230432278832,17.0,1.0,31.0
22.116666666666692,0.4832834810020399,17.0,1.0,31.0
22.133333333333358,0.4832834810020399,17.0,1.0,31.0
22.150000000000023,0.4832834810020399,17.0,1.0,31.0
22.16666666666669,0.4832834810020399,17.0,1.0,31.0
22.183333333333355,0.4832834810020399,17.0,1.0,31.0
22.20000000000002,0.4832834810020399,17.0,1.0,31.0
22.216666666666686,0.4832834810020399,17.0,1.0,31.0
22.233333333333352,0.48258692931549824,17.0,1.0,31.0
22.250000000000018,0.48344480453063066,17.0,1.0,31.0
22.266666666666683,0.4895757513517496,17.0,1.0,31.0
22.28333333333335,0.4895757513517496,17.0,1.0,31.0
22.300000000000015,0.4895757513517496,17.0,1.0,31.0
22.31666666666668,0.4895757513517496,17.0,1.0,31.0
22.333333333333346,0.4895757513517496,17.0,1.0,31.0
22.350000000000012,0.4895757513517496,17.0,1.0,31.0
22.366666666666678,0.4895757513517496,17.0,1.0,31.0
22.383333333333344,0.4895757513517496,17.0,1.0,31.0
22.40000000000001,0.4895757513517496,17.0,1.0,31.0
22.416666666666675,0.4895757513517496,17.0,1.0,31.0
22.43333333333334,0.4895757513517496,17.0,1.0,31.0
22.450000000000006,0.4895757513517496,17.0,1.0,31.0
22.466666666666672,0.4895757513517496,17.0,1.0,31.0
22.483333333333338,0.4895757513517496,17.0,1.0,31.0
22.500000000000004,0.4895757513517496,17.0,1.0,31.0
22.51666666666667,0.4895757513517496,17.0,1.0,31.0
22.533333333333335,0.4895757513517496,17.0,1.0,31.0
22.55,0.4895757513517496,17.0,1.0,31.0
22.566666666666666,0.4895757513517496,17.0,1.0,31.0
22.583333333333332,0.49094194663878515,17.0,1.0,31.0
22.599999999999998,0.4903071148165719,17.0,1.0,31.0
22.616666666666664,0.4903071148165719,17.0,1.0,31.0
22.63333333333333,0.4903071148165719,17.0,1.0,31.0
22.649999999999995,0.4903071148165719,17.0,1.0,31.0
22.66666666666666,0.4899783816425773,17.0,1.0,31.0
22.683333333333326,0.4899783816425773,17.0,1.0,31.0
22.699999999999992,0.4899783816425773,17.0,1.0,31.0
22.716666666666658,0.48527072940953586,17.0,1.0,31.0
22.733333333333324,0.48439665833895085,17.0,1.0,31.0
22.74999999999999,0.48598686773083494,17.0,1.0,31.0
22.766666666666655,0.48598686773083494,17.0,1.0,31.0
22.78333333333332,0.48598686773083494,17.0,1.0,31.0
22.799999999999986,0.48598686773083494,17.0,1.0,31.0
22.816666666666652,0.48598686773083494,17.0,1.0,31.0
22.833333333333318,0.48598686773083494,17.0,1.0,31.0
22.849999999999984,0.48598686773083494,17.0,1.0,31.0
22.86666666666665,0.48661128299701756,17.0,1.0,31.0
22.883333333333315,0.48661128299701756,17.0,1.0,31.0
22.89999999999998,0.48661128299701756,17.0,1.0,31.0
22.916666666666647,0.4867787878509288,17.0,1.0,31.0
22.933333333333312,0.48532257590241906,17.0,1.0,31.0
22.949999999999978,0.48532257590241906,17.0,1.0,31.0
22.966666666666644,0.48532257590241906,17.0,1.0,31.0
22.98333333333331,0.48532257590241906,17.0,1.0,31.0
22.999999999999975,0.4862813239154095,17.0,1.0,31.0
23.01666666666664,0.4862813239154095,17.0,1.0,31.0
23.033333333333307,0.4862813239154095,17.0,1.0,31.0
23.049999999999972,0.4862813239154095,17.0,1.0,31.0
23.066666666666638,0.4862813239154095,17.0,1.0,31.0
23.083333333333304,0.48284610403291667,17.0,1.0,31.0
23.09999999999997,0.48284610403291667,17.0,1.0,31.0
23.116666666666635,0.48284610403291667,17.0,1.0,31.0
23.1333333333333,0.48284610403291667,17.0,1.0,31.0
23.149999999999967,0.48284610403291667,17.0,1.0,31.0
23.166666666666632,0.4792934296508497,17.0,1.0,31.0
23.183333333333298,0.4792934296508497,17.0,1.0,31.0
23.199999999999964,0.48115460666364085,17.0,1.0,31.0
23.21666666666663,0.4850827673108665,17.0,1.0,31.0
23.233333333333295,0.4849742721171061,17.0,1.0,31.0
23.24999999999996,0.486005892344432,17.0,1.0,31.0
23.266666666666627,0.4859885812718808,17.0,1.0,31.0
23.283333333333292,0.4859885812718808,17.0,1.0,31.0
23.299999999999958,0.4859885812718808,17.0,1.0,31.0
23.316666666666624,0.4845089121956821,17.0,1.0,31.0
23.33333333333329,0.4845089121956821,17.0,1.0,31.0
23.349999999999955,0.48796286880747575,17.0,1.0,31.0
23.36666666666662,0.48796286880747575,17.0,1.0,31.0
23.383333333333287,0.48796286880747575,17.0,1.0,31.0
23.399999999999952,0.4885300281470609,17.0,1.0,31.0
23.416666666666618,0.4885300281470609,17.0,1.0,31.0
23.433333333333284,0.4885300281470609,17.0,1.0,31.0
23.44999999999995,0.4885300281470609,17.0,1.0,31.0
23.466666666666615,0.488158830410218,17.0,1.0,31.0
23.48333333333328,0.4861012522076934,17.0,1.0,31.0
23.499999999999947,0.48806427037840505,17.0,1.0,31.0
23.516666666666612,0.48806427037840505,17.0,1.0,31.0
23.533333333333278,0.49299055859104446,17.0,1.0,31.0
23.549999999999944,0.49299055859104446,17.0,1.0,31.0
23.56666666666661,0.4920262205743832,17.0,1.0,31.0
23.583333333333275,0.4920262205743832,17.0,1.0,31.0
23.59999999999994,0.49260857037922795,17.0,1.0,31.0
23.616666666666607,0.49260857037922795,17.0,1.0,31.0
23.633333333333272,0.4956109390127065,17.0,1.0,31.0
23.649999999999938,0.4956109390127065,17.0,1.0,31.0
23.666666666666604,0.4956109390127065,17.0,1.0,31.0
23.68333333333327,0.4956109390127065,17.0,1.0,31.0
23.699999999999935,0.4956109390127065,17.0,1.0,31.0
23.7166666666666,0.4956109390127065,17.0,1.0,31.0
23.733333333333267,0.4983217932097299,17.0,1.0,31.0
23.749999999999932,0.4983217932097299,17.0,1.0,31.0
23.766666666666598,0.4983217932097299,17.0,1.0,31.0
23.783333333333264,0.4971220971956578,17.0,1.0,31.0
23.79999999999993,0.49738665579490243,17.0,1.0,31.0
23.816666666666595,0.49738665579490243,17.0,1.0,31.0
23.83333333333326,0.49738665579490243,17.0,1.0,31.0
23.849999999999927,0.49993827192070894,17.0,1.0,31.0
23.866666666666593,0.49993827192070894,17.0,1.0,31.0
23.88333333333326,0.49993827192070894,17.0,1.0,31.0
23.899999999999924,0.49993827192070894,17.0,1.0,31.0
23.91666666666659,0.49993827192070894,17.0,1.0,31.0
23.933333333333255,0.5025302553561452,17.0,1.0,31.0
23.94999999999992,0.5025302553561452,17.0,1.0,31.0
23.966666666666587,0.5025302553561452,17.0,1.0,31.0
23.983333333333253,0.5025302553561452,17.0,1.0,31.0
23.99999999999992,0.5025302553561452,17.0,1.0,31.0
24.016666666666584,0.5025302553561452,17.0,1.0,31.0
24.03333333333325,0.5025302553561452,17.0,1.0,31.0
24.049999999999915,0.5025302553561452,17.0,1.0,31.0
24.06666666666658,0.5025302553561452,17.0,1.0,31.0
24.083333333333247,0.5070087410295583,17.0,1.0,31.0
24.099999999999913,0.5070087410295583,17.0,1.0,31.0
24.11666666666658,0.5078365012934298,17.0,1.0,31.0
24.133333333333244,0.5079825451355525,17.0,1.0,31.0
24.14999999999991,0.5079825451355525,17.0,1.0,31.0
24.166666666666575,0.5079825451355525,17.0,1.0,31.0
24.18333333333324,0.5079825451355525,17.0,1.0,31.0
24.199999999999907,0.5079825451355525,17.0,1.0,31.0
24.216666666666573,0.5079825451355525,17.0,1.0,31.0
24.23333333333324,0.5084769315475318,17.0,1.0,31.0
24.249999999999904,0.5084769315475318,17.0,1.0,31.0
24.26666666666657,0.5084769315475318,17.0,1.0,31.0
24.283333333333236,0.5084769315475318,17.0,1.0,31.0
24.2999999999999,0.5084769315475318,17.0,1.0,31.0
24.316666666666567,0.5087784088182149,17.0,1.0,31.0
