Tempo,Cl,Na,NaCl
0.0,1.760212553968781e-22,1.5609432082364663e-22,0.0
0.016666666666666666,1.760212553968781e-22,1.5609432082364663e-22,0.0
0.03333333333333333,1.760212553968781e-22,1.5609432082364663e-22,0.0
0.05,1.760212553968781e-22,1.5609432082364663e-22,0.0
0.06666666666666667,1.7436067751577548e-22,1.54433742942544e-22,1.6605778811026236e-24
0.08333333333333333,1.7270009963467287e-22,1.5277316506144137e-22,3.321155762205247e-24
0.09999999999999999,1.7270009963467287e-22,1.5277316506144137e-22,3.321155762205247e-24
0.11666666666666665,1.7103952175357024e-22,1.5111258718033876e-22,4.981733643307871e-24
0.13333333333333333,1.7103952175357024e-22,1.5111258718033876e-22,4.981733643307871e-24
0.15,1.693789438724676e-22,1.4945200929923613e-22,6.642311524410495e-24
0.16666666666666666,1.693789438724676e-22,1.4945200929923613e-22,6.642311524410495e-24
0.18333333333333332,1.6771836599136498e-22,1.477914314181335e-22,8.302889405513118e-24
0.19999999999999998,1.6771836599136498e-22,1.477914314181335e-22,8.302889405513118e-24
0.21666666666666665,1.6771836599136498e-22,1.477914314181335e-22,8.302889405513118e-24
0.2333333333333333,1.6605778811026237e-22,1.461308535370309e-22,9.963467286615742e-24
0.24999999999999997,1.6439721022915974e-22,1.4447027565592826e-22,1.1624045167718365e-23
0.26666666666666666,1.627366323480571e-22,1.4280969777482563e-22,1.328462304882099e-23
0.2833333333333333,1.627366323480571e-22,1.4280969777482563e-22,1.328462304882099e-23
0.3,1.627366323480571e-22,1.4280969777482563e-22,1.328462304882099e-23
0.31666666666666665,1.610760544669545e-22,1.41149119893723e-22,1.4945200929923614e-23
0.3333333333333333,1.5941547658585187e-22,1.394885420126204e-22,1.6605778811026236e-23
0.35,1.5775489870474924e-22,1.3782796413151776e-22,1.826635669212886e-23
0.36666666666666664,1.5609432082364663e-22,1.3616738625041513e-22,1.9926934573231484e-23
0.3833333333333333,1.54433742942544e-22,1.3450680836931252e-22,2.158751245433411e-23
0.39999999999999997,1.54433742942544e-22,1.3450680836931252e-22,2.158751245433411e-23
0.41666666666666663,1.5111258718033876e-22,1.3118565260710726e-22,2.4908668216539356e-23
0.4333333333333333,1.4945200929923613e-22,1.2952507472600465e-22,2.656924609764198e-23
0.44999999999999996,1.461308535370309e-22,1.262039189637994e-22,2.989040185984723e-23
0.4666666666666666,1.461308535370309e-22,1.262039189637994e-22,2.989040185984723e-23
0.4833333333333333,1.461308535370309e-22,1.262039189637994e-22,2.989040185984723e-23
0.49999999999999994,1.461308535370309e-22,1.262039189637994e-22,2.989040185984723e-23
0.5166666666666666,1.461308535370309e-22,1.262039189637994e-22,2.989040185984723e-23
0.5333333333333333,1.461308535370309e-22,1.262039189637994e-22,2.989040185984723e-23
0.55,1.4280969777482563e-22,1.2288276320159415e-22,3.321155762205247e-23
0.5666666666666668,1.4280969777482563e-22,1.2288276320159415e-22,3.321155762205247e-23
0.5833333333333335,1.41149119893723e-22,1.2122218532049152e-22,3.48721355031551e-23
0.6000000000000002,1.41149119893723e-22,1.2122218532049152e-22,3.48721355031551e-23
0.6166666666666669,1.41149119893723e-22,1.2122218532049152e-22,3.48721355031551e-23
0.6333333333333336,1.394885420126204e-22,1.1956160743938891e-22,3.653271338425772e-23
0.6500000000000004,1.394885420126204e-22,1.1956160743938891e-22,3.653271338425772e-23
0.6666666666666671,1.394885420126204e-22,1.1956160743938891e-22,3.653271338425772e-23
0.6833333333333338,1.3782796413151776e-22,1.1790102955828628e-22,3.819329126536034e-23
0.7000000000000005,1.3782796413151776e-22,1.1790102955828628e-22,3.819329126536034e-23
0.7166666666666672,1.3782796413151776e-22,1.1790102955828628e-22,3.819329126536034e-23
0.733333333333334,1.3782796413151776e-22,1.1790102955828628e-22,3.819329126536034e-23
0.7500000000000007,1.3782796413151776e-22,1.1790102955828628e-22,3.819329126536034e-23
0.7666666666666674,1.3782796413151776e-22,1.1790102955828628e-22,3.819329126536034e-23
0.7833333333333341,1.3782796413151776e-22,1.1790102955828628e-22,3.819329126536034e-23
0.8000000000000008,1.3782796413151776e-22,1.1790102955828628e-22,3.819329126536034e-23
0.8166666666666675,1.3616738625041513e-22,1.1624045167718365e-22,3.985386914646297e-23
0.8333333333333343,1.3616738625041513e-22,1.1624045167718365e-22,3.985386914646297e-23
0.850000000000001,1.3450680836931252e-22,1.1457987379608102e-22,4.151444702756559e-23
0.8666666666666677,1.3450680836931252e-22,1.1457987379608102e-22,4.151444702756559e-23
0.8833333333333344,1.3118565260710726e-22,1.1125871803387578e-22,4.4835602789770837e-23
0.9000000000000011,1.3118565260710726e-22,1.1125871803387578e-22,4.4835602789770837e-23
0.9166666666666679,1.3118565260710726e-22,1.1125871803387578e-22,4.4835602789770837e-23
0.9333333333333346,1.3118565260710726e-22,1.1125871803387578e-22,4.4835602789770837e-23
0.9500000000000013,1.3118565260710726e-22,1.1125871803387578e-22,4.4835602789770837e-23
0.966666666666668,1.3118565260710726e-22,1.1125871803387578e-22,4.4835602789770837e-23
0.9833333333333347,1.3118565260710726e-22,1.1125871803387578e-22,4.4835602789770837e-23
1.0000000000000013,1.3118565260710726e-22,1.1125871803387578e-22,4.4835602789770837e-23
1.016666666666668,1.3118565260710726e-22,1.1125871803387578e-22,4.4835602789770837e-23
1.0333333333333345,1.3118565260710726e-22,1.1125871803387578e-22,4.4835602789770837e-23
1.0500000000000012,1.2952507472600465e-22,1.0959814015277315e-22,4.649618067087346e-23
1.0666666666666678,1.2952507472600465e-22,1.0959814015277315e-22,4.649618067087346e-23
1.0833333333333344,1.2952507472600465e-22,1.0959814015277315e-22,4.649618067087346e-23
1.100000000000001,1.2952507472600465e-22,1.0959814015277315e-22,4.649618067087346e-23
1.1166666666666676,1.2952507472600465e-22,1.0959814015277315e-22,4.649618067087346e-23
1.1333333333333342,1.2786449684490202e-22,1.0793756227167054e-22,4.8156758551976087e-23
1.1500000000000008,1.2786449684490202e-22,1.0793756227167054e-22,4.8156758551976087e-23
1.1666666666666674,1.2786449684490202e-22,1.0793756227167054e-22,4.8156758551976087e-23
1.183333333333334,1.2786449684490202e-22,1.0793756227167054e-22,4.8156758551976087e-23
1.2000000000000006,1.2786449684490202e-22,1.0793756227167054e-22,4.8156758551976087e-23
1.2166666666666672,1.2786449684490202e-22,1.0793756227167054e-22,4.8156758551976087e-23
1.2333333333333338,1.2786449684490202e-22,1.0793756227167054e-22,4.8156758551976087e-23
1.2500000000000004,1.262039189637994e-22,1.0627698439056791e-22,4.981733643307871e-23
1.266666666666667,1.262039189637994e-22,1.0627698439056791e-22,4.981733643307871e-23
1.2833333333333337,1.262039189637994e-22,1.0627698439056791e-22,4.981733643307871e-23
1.3000000000000003,1.262039189637994e-22,1.0627698439056791e-22,4.981733643307871e-23
1.3166666666666669,1.2454334108269678e-22,1.0461640650946529e-22,5.147791431418133e-23
1.3333333333333335,1.2288276320159415e-22,1.0295582862836266e-22,5.313849219528396e-23
1.35,1.2122218532049152e-22,1.0129525074726004e-22,5.479907007638658e-23
1.3666666666666667,1.1956160743938891e-22,9.963467286615742e-23,5.645964795748921e-23
1.3833333333333333,1.1956160743938891e-22,9.963467286615742e-23,5.645964795748921e-23
1.4,1.1956160743938891e-22,9.963467286615742e-23,5.645964795748921e-23
1.4166666666666665,1.1956160743938891e-22,9.963467286615742e-23,5.645964795748921e-23
1.4333333333333331,1.1790102955828628e-22,9.797409498505479e-23,5.812022583859183e-23
1.4499999999999997,1.1624045167718365e-22,9.631351710395217e-23,5.978080371969446e-23
1.4666666666666663,1.1624045167718365e-22,9.631351710395217e-23,5.978080371969446e-23
1.483333333333333,1.1624045167718365e-22,9.631351710395217e-23,5.978080371969446e-23
1.4999999999999996,1.1457987379608102e-22,9.465293922284954e-23,6.144138160079708e-23
1.5166666666666662,1.1291929591497841e-22,9.299236134174692e-23,6.31019594818997e-23
1.5333333333333328,1.1291929591497841e-22,9.299236134174692e-23,6.31019594818997e-23
1.5499999999999994,1.1125871803387578e-22,9.13317834606443e-23,6.476253736300233e-23
1.566666666666666,1.1125871803387578e-22,9.13317834606443e-23,6.476253736300233e-23
1.5833333333333326,1.1125871803387578e-22,9.13317834606443e-23,6.476253736300233e-23
1.5999999999999992,1.1125871803387578e-22,9.13317834606443e-23,6.476253736300233e-23
1.6166666666666658,1.1125871803387578e-22,9.13317834606443e-23,6.476253736300233e-23
1.6333333333333324,1.1125871803387578e-22,9.13317834606443e-23,6.476253736300233e-23
1.649999999999999,1.1125871803387578e-22,9.13317834606443e-23,6.476253736300233e-23
1.6666666666666656,1.1125871803387578e-22,9.13317834606443e-23,6.476253736300233e-23
1.6833333333333322,1.1125871803387578e-22,9.13317834606443e-23,6.476253736300233e-23
1.6999999999999988,1.1125871803387578e-22,9.13317834606443e-23,6.476253736300233e-23
1.7166666666666655,1.1125871803387578e-22,9.13317834606443e-23,6.476253736300233e-23
1.733333333333332,1.1125871803387578e-22,9.13317834606443e-23,6.476253736300233e-23
1.7499999999999987,1.1125871803387578e-22,9.13317834606443e-23,6.476253736300233e-23
1.7666666666666653,1.1125871803387578e-22,9.13317834606443e-23,6.476253736300233e-23
1.7833333333333319,1.1125871803387578e-22,9.13317834606443e-23,6.476253736300233e-23
1.7999999999999985,1.1125871803387578e-22,9.13317834606443e-23,6.476253736300233e-23
1.816666666666665,1.0959814015277315e-22,8.967120557954167e-23,6.642311524410495e-23
1.8333333333333317,1.0959814015277315e-22,8.967120557954167e-23,6.642311524410495e-23
1.8499999999999983,1.0959814015277315e-22,8.967120557954167e-23,6.642311524410495e-23
1.866666666666665,1.0793756227167054e-22,8.801062769843905e-23,6.808369312520756e-23
1.8833333333333315,1.0793756227167054e-22,8.801062769843905e-23,6.808369312520756e-23
1.8999999999999981,1.0793756227167054e-22,8.801062769843905e-23,6.808369312520756e-23
1.9166666666666647,1.0793756227167054e-22,8.801062769843905e-23,6.808369312520756e-23
1.9333333333333313,1.0793756227167054e-22,8.801062769843905e-23,6.808369312520756e-23
1.949999999999998,1.0793756227167054e-22,8.801062769843905e-23,6.808369312520756e-23
1.9666666666666646,1.0793756227167054e-22,8.801062769843905e-23,6.808369312520756e-23
1.9833333333333312,1.0793756227167054e-22,8.801062769843905e-23,6.808369312520756e-23
1.9999999999999978,1.0793756227167054e-22,8.801062769843905e-23,6.808369312520756e-23
2.0166666666666644,1.0793756227167054e-22,8.801062769843905e-23,6.808369312520756e-23
2.033333333333331,1.0793756227167054e-22,8.801062769843905e-23,6.808369312520756e-23
2.0499999999999976,1.0793756227167054e-22,8.801062769843905e-23,6.808369312520756e-23
2.066666666666664,1.0793756227167054e-22,8.801062769843905e-23,6.808369312520756e-23
2.083333333333331,1.0793756227167054e-22,8.801062769843905e-23,6.808369312520756e-23
2.0999999999999974,1.0793756227167054e-22,8.801062769843905e-23,6.808369312520756e-23
2.116666666666664,1.0793756227167054e-22,8.801062769843905e-23,6.808369312520756e-23
2.1333333333333306,1.0793756227167054e-22,8.801062769843905e-23,6.808369312520756e-23
2.1499999999999972,1.0793756227167054e-22,8.801062769843905e-23,6.808369312520756e-23
2.166666666666664,1.0627698439056791e-22,8.635004981733643e-23,6.97442710063102e-23
2.1833333333333305,1.0627698439056791e-22,8.635004981733643e-23,6.97442710063102e-23
2.199999999999997,1.0627698439056791e-22,8.635004981733643e-23,6.97442710063102e-23
2.2166666666666637,1.0627698439056791e-22,8.635004981733643e-23,6.97442710063102e-23
2.2333333333333303,1.0627698439056791e-22,8.635004981733643e-23,6.97442710063102e-23
2.249999999999997,1.0627698439056791e-22,8.635004981733643e-23,6.97442710063102e-23
2.2666666666666635,1.0627698439056791e-22,8.635004981733643e-23,6.97442710063102e-23
2.28333333333333,1.0627698439056791e-22,8.635004981733643e-23,6.97442710063102e-23
2.2999999999999967,1.0627698439056791e-22,8.635004981733643e-23,6.97442710063102e-23
2.3166666666666633,1.0627698439056791e-22,8.635004981733643e-23,6.97442710063102e-23
2.33333333333333,1.0627698439056791e-22,8.635004981733643e-23,6.97442710063102e-23
2.3499999999999965,1.0627698439056791e-22,8.635004981733643e-23,6.97442710063102e-23
2.366666666666663,1.0627698439056791e-22,8.635004981733643e-23,6.97442710063102e-23
2.3833333333333298,1.0627698439056791e-22,8.635004981733643e-23,6.97442710063102e-23
2.3999999999999964,1.0627698439056791e-22,8.635004981733643e-23,6.97442710063102e-23
2.416666666666663,1.0627698439056791e-22,8.635004981733643e-23,6.97442710063102e-23
2.4333333333333296,1.0627698439056791e-22,8.635004981733643e-23,6.97442710063102e-23
2.449999999999996,1.0627698439056791e-22,8.635004981733643e-23,6.97442710063102e-23
2.466666666666663,1.0461640650946529e-22,8.46894719362338e-23,7.140484888741281e-23
2.4833333333333294,1.0461640650946529e-22,8.46894719362338e-23,7.140484888741281e-23
2.499999999999996,1.0295582862836266e-22,8.302889405513118e-23,7.306542676851545e-23
2.5166666666666626,1.0295582862836266e-22,8.302889405513118e-23,7.306542676851545e-23
2.533333333333329,1.0295582862836266e-22,8.302889405513118e-23,7.306542676851545e-23
2.549999999999996,1.0129525074726004e-22,8.136831617402855e-23,7.472600464961806e-23
2.5666666666666624,9.797409498505479e-23,7.804716041182332e-23,7.804716041182332e-23
2.583333333333329,9.797409498505479e-23,7.804716041182332e-23,7.804716041182332e-23
2.5999999999999956,9.797409498505479e-23,7.804716041182332e-23,7.804716041182332e-23
2.6166666666666623,9.797409498505479e-23,7.804716041182332e-23,7.804716041182332e-23
2.633333333333329,9.797409498505479e-23,7.804716041182332e-23,7.804716041182332e-23
2.6499999999999955,9.797409498505479e-23,7.804716041182332e-23,7.804716041182332e-23
2.666666666666662,9.797409498505479e-23,7.804716041182332e-23,7.804716041182332e-23
2.6833333333333287,9.797409498505479e-23,7.804716041182332e-23,7.804716041182332e-23
2.6999999999999953,9.797409498505479e-23,7.804716041182332e-23,7.804716041182332e-23
2.716666666666662,9.797409498505479e-23,7.804716041182332e-23,7.804716041182332e-23
2.7333333333333285,9.797409498505479e-23,7.804716041182332e-23,7.804716041182332e-23
2.749999999999995,9.631351710395217e-23,7.638658253072068e-23,7.970773829292593e-23
2.7666666666666617,9.465293922284954e-23,7.472600464961806e-23,8.136831617402855e-23
2.7833333333333283,9.465293922284954e-23,7.472600464961806e-23,8.136831617402855e-23
2.799999999999995,9.465293922284954e-23,7.472600464961806e-23,8.136831617402855e-23
2.8166666666666615,9.465293922284954e-23,7.472600464961806e-23,8.136831617402855e-23
2.833333333333328,9.465293922284954e-23,7.472600464961806e-23,8.136831617402855e-23
2.8499999999999948,9.465293922284954e-23,7.472600464961806e-23,8.136831617402855e-23
2.8666666666666614,9.465293922284954e-23,7.472600464961806e-23,8.136831617402855e-23
2.883333333333328,9.465293922284954e-23,7.472600464961806e-23,8.136831617402855e-23
2.8999999999999946,9.465293922284954e-23,7.472600464961806e-23,8.136831617402855e-23
2.916666666666661,9.299236134174692e-23,7.306542676851545e-23,8.302889405513118e-23
2.933333333333328,9.299236134174692e-23,7.306542676851545e-23,8.302889405513118e-23
2.9499999999999944,9.299236134174692e-23,7.306542676851545e-23,8.302889405513118e-23
2.966666666666661,9.299236134174692e-23,7.306542676851545e-23,8.302889405513118e-23
2.9833333333333276,9.299236134174692e-23,7.306542676851545e-23,8.302889405513118e-23
2.9999999999999942,9.299236134174692e-23,7.306542676851545e-23,8.302889405513118e-23
3.016666666666661,9.299236134174692e-23,7.306542676851545e-23,8.302889405513118e-23
3.0333333333333274,9.13317834606443e-23,7.140484888741281e-23,8.46894719362338e-23
3.049999999999994,9.13317834606443e-23,7.140484888741281e-23,8.46894719362338e-23
3.0666666666666607,9.13317834606443e-23,7.140484888741281e-23,8.46894719362338e-23
3.0833333333333273,9.13317834606443e-23,7.140484888741281e-23,8.46894719362338e-23
3.099999999999994,9.13317834606443e-23,7.140484888741281e-23,8.46894719362338e-23
3.1166666666666605,9.13317834606443e-23,7.140484888741281e-23,8.46894719362338e-23
3.133333333333327,9.13317834606443e-23,7.140484888741281e-23,8.46894719362338e-23
3.1499999999999937,9.13317834606443e-23,7.140484888741281e-23,8.46894719362338e-23
3.1666666666666603,9.13317834606443e-23,7.140484888741281e-23,8.46894719362338e-23
3.183333333333327,9.13317834606443e-23,7.140484888741281e-23,8.46894719362338e-23
3.1999999999999935,8.967120557954167e-23,6.97442710063102e-23,8.635004981733643e-23
3.21666666666666,8.967120557954167e-23,6.97442710063102e-23,8.635004981733643e-23
3.2333333333333267,8.967120557954167e-23,6.97442710063102e-23,8.635004981733643e-23
3.2499999999999933,8.967120557954167e-23,6.97442710063102e-23,8.635004981733643e-23
3.26666666666666,8.967120557954167e-23,6.97442710063102e-23,8.635004981733643e-23
3.2833333333333266,8.967120557954167e-23,6.97442710063102e-23,8.635004981733643e-23
3.299999999999993,8.967120557954167e-23,6.97442710063102e-23,8.635004981733643e-23
3.3166666666666598,8.967120557954167e-23,6.97442710063102e-23,8.635004981733643e-23
3.3333333333333264,8.967120557954167e-23,6.97442710063102e-23,8.635004981733643e-23
3.349999999999993,8.801062769843905e-23,6.808369312520756e-23,8.801062769843905e-23
3.3666666666666596,8.801062769843905e-23,6.808369312520756e-23,8.801062769843905e-23
3.383333333333326,8.801062769843905e-23,6.808369312520756e-23,8.801062769843905e-23
3.399999999999993,8.801062769843905e-23,6.808369312520756e-23,8.801062769843905e-23
3.4166666666666594,8.801062769843905e-23,6.808369312520756e-23,8.801062769843905e-23
3.433333333333326,8.801062769843905e-23,6.808369312520756e-23,8.801062769843905e-23
3.4499999999999926,8.801062769843905e-23,6.808369312520756e-23,8.801062769843905e-23
3.4666666666666592,8.801062769843905e-23,6.808369312520756e-23,8.801062769843905e-23
3.483333333333326,8.635004981733643e-23,6.642311524410495e-23,8.967120557954167e-23
3.4999999999999925,8.635004981733643e-23,6.642311524410495e-23,8.967120557954167e-23
3.516666666666659,8.635004981733643e-23,6.642311524410495e-23,8.967120557954167e-23
3.5333333333333257,8.635004981733643e-23,6.642311524410495e-23,8.967120557954167e-23
3.5499999999999923,8.635004981733643e-23,6.642311524410495e-23,8.967120557954167e-23
3.566666666666659,8.635004981733643e-23,6.642311524410495e-23,8.967120557954167e-23
3.5833333333333255,8.635004981733643e-23,6.642311524410495e-23,8.967120557954167e-23
3.599999999999992,8.635004981733643e-23,6.642311524410495e-23,8.967120557954167e-23
3.6166666666666587,8.635004981733643e-23,6.642311524410495e-23,8.967120557954167e-23
3.6333333333333253,8.635004981733643e-23,6.642311524410495e-23,8.967120557954167e-23
3.649999999999992,8.46894719362338e-23,6.476253736300233e-23,9.13317834606443e-23
3.6666666666666585,8.46894719362338e-23,6.476253736300233e-23,9.13317834606443e-23
3.683333333333325,8.46894719362338e-23,6.476253736300233e-23,9.13317834606443e-23
3.6999999999999917,8.46894719362338e-23,6.476253736300233e-23,9.13317834606443e-23
3.7166666666666583,8.46894719362338e-23,6.476253736300233e-23,9.13317834606443e-23
3.733333333333325,8.302889405513118e-23,6.31019594818997e-23,9.299236134174692e-23
3.7499999999999916,8.302889405513118e-23,6.31019594818997e-23,9.299236134174692e-23
3.766666666666658,8.302889405513118e-23,6.31019594818997e-23,9.299236134174692e-23
3.7833333333333248,8.302889405513118e-23,6.31019594818997e-23,9.299236134174692e-23
3.7999999999999914,7.970773829292593e-23,5.978080371969446e-23,9.631351710395217e-23
3.816666666666658,7.970773829292593e-23,5.978080371969446e-23,9.631351710395217e-23
3.8333333333333246,7.970773829292593e-23,5.978080371969446e-23,9.631351710395217e-23
3.849999999999991,7.970773829292593e-23,5.978080371969446e-23,9.631351710395217e-23
3.866666666666658,7.970773829292593e-23,5.978080371969446e-23,9.631351710395217e-23
3.8833333333333244,7.970773829292593e-23,5.978080371969446e-23,9.631351710395217e-23
3.899999999999991,7.970773829292593e-23,5.978080371969446e-23,9.631351710395217e-23
3.9166666666666576,7.970773829292593e-23,5.978080371969446e-23,9.631351710395217e-23
3.9333333333333242,7.970773829292593e-23,5.978080371969446e-23,9.631351710395217e-23
3.949999999999991,7.970773829292593e-23,5.978080371969446e-23,9.631351710395217e-23
3.9666666666666575,7.970773829292593e-23,5.978080371969446e-23,9.631351710395217e-23
3.983333333333324,7.970773829292593e-23,5.978080371969446e-23,9.631351710395217e-23
3.9999999999999907,7.970773829292593e-23,5.978080371969446e-23,9.631351710395217e-23
4.016666666666658,7.970773829292593e-23,5.978080371969446e-23,9.631351710395217e-23
4.033333333333324,7.970773829292593e-23,5.978080371969446e-23,9.631351710395217e-23
4.049999999999991,7.970773829292593e-23,5.978080371969446e-23,9.631351710395217e-23
4.0666666666666575,7.970773829292593e-23,5.978080371969446e-23,9.631351710395217e-23
4.083333333333324,7.970773829292593e-23,5.978080371969446e-23,9.631351710395217e-23
4.099999999999991,7.970773829292593e-23,5.978080371969446e-23,9.631351710395217e-23
4.116666666666657,7.970773829292593e-23,5.978080371969446e-23,9.631351710395217e-23
4.133333333333324,7.970773829292593e-23,5.978080371969446e-23,9.631351710395217e-23
4.149999999999991,7.970773829292593e-23,5.978080371969446e-23,9.631351710395217e-23
4.166666666666657,7.970773829292593e-23,5.978080371969446e-23,9.631351710395217e-23
4.183333333333324,7.970773829292593e-23,5.978080371969446e-23,9.631351710395217e-23
4.19999999999999,7.970773829292593e-23,5.978080371969446e-23,9.631351710395217e-23
4.216666666666657,7.804716041182332e-23,5.812022583859183e-23,9.797409498505479e-23
4.233333333333324,7.804716041182332e-23,5.812022583859183e-23,9.797409498505479e-23
4.24999999999999,7.804716041182332e-23,5.812022583859183e-23,9.797409498505479e-23
4.266666666666657,7.804716041182332e-23,5.812022583859183e-23,9.797409498505479e-23
4.2833333333333234,7.804716041182332e-23,5.812022583859183e-23,9.797409498505479e-23
4.29999999999999,7.804716041182332e-23,5.812022583859183e-23,9.797409498505479e-23
4.316666666666657,7.804716041182332e-23,5.812022583859183e-23,9.797409498505479e-23
4.333333333333323,7.804716041182332e-23,5.812022583859183e-23,9.797409498505479e-23
4.34999999999999,7.804716041182332e-23,5.812022583859183e-23,9.797409498505479e-23
4.3666666666666565,7.804716041182332e-23,5.812022583859183e-23,9.797409498505479e-23
4.383333333333323,7.804716041182332e-23,5.812022583859183e-23,9.797409498505479e-23
4.39999999999999,7.804716041182332e-23,5.812022583859183e-23,9.797409498505479e-23
4.416666666666656,7.804716041182332e-23,5.812022583859183e-23,9.797409498505479e-23
4.433333333333323,7.804716041182332e-23,5.812022583859183e-23,9.797409498505479e-23
4.4499999999999895,7.804716041182332e-23,5.812022583859183e-23,9.797409498505479e-23
4.466666666666656,7.638658253072068e-23,5.645964795748921e-23,9.963467286615742e-23
4.483333333333323,7.638658253072068e-23,5.645964795748921e-23,9.963467286615742e-23
4.499999999999989,7.638658253072068e-23,5.645964795748921e-23,9.963467286615742e-23
4.516666666666656,7.638658253072068e-23,5.645964795748921e-23,9.963467286615742e-23
4.533333333333323,7.638658253072068e-23,5.645964795748921e-23,9.963467286615742e-23
4.549999999999989,7.638658253072068e-23,5.645964795748921e-23,9.963467286615742e-23
4.566666666666656,7.638658253072068e-23,5.645964795748921e-23,9.963467286615742e-23
4.583333333333322,7.638658253072068e-23,5.645964795748921e-23,9.963467286615742e-23
4.599999999999989,7.638658253072068e-23,5.645964795748921e-23,9.963467286615742e-23
4.616666666666656,7.638658253072068e-23,5.645964795748921e-23,9.963467286615742e-23
4.633333333333322,7.638658253072068e-23,5.645964795748921e-23,9.963467286615742e-23
4.649999999999989,7.638658253072068e-23,5.645964795748921e-23,9.963467286615742e-23
4.666666666666655,7.638658253072068e-23,5.645964795748921e-23,9.963467286615742e-23
4.683333333333322,7.472600464961806e-23,5.479907007638658e-23,1.0129525074726004e-22
4.699999999999989,7.472600464961806e-23,5.479907007638658e-23,1.0129525074726004e-22
4.716666666666655,7.472600464961806e-23,5.479907007638658e-23,1.0129525074726004e-22
4.733333333333322,7.472600464961806e-23,5.479907007638658e-23,1.0129525074726004e-22
4.7499999999999885,7.472600464961806e-23,5.479907007638658e-23,1.0129525074726004e-22
4.766666666666655,7.472600464961806e-23,5.479907007638658e-23,1.0129525074726004e-22
4.783333333333322,7.472600464961806e-23,5.479907007638658e-23,1.0129525074726004e-22
4.799999999999988,7.472600464961806e-23,5.479907007638658e-23,1.0129525074726004e-22
4.816666666666655,7.472600464961806e-23,5.479907007638658e-23,1.0129525074726004e-22
4.8333333333333215,7.472600464961806e-23,5.479907007638658e-23,1.0129525074726004e-22
4.849999999999988,7.472600464961806e-23,5.479907007638658e-23,1.0129525074726004e-22
4.866666666666655,7.472600464961806e-23,5.479907007638658e-23,1.0129525074726004e-22
4.883333333333321,7.472600464961806e-23,5.479907007638658e-23,1.0129525074726004e-22
4.899999999999988,7.472600464961806e-23,5.479907007638658e-23,1.0129525074726004e-22
4.9166666666666545,7.472600464961806e-23,5.479907007638658e-23,1.0129525074726004e-22
4.933333333333321,7.472600464961806e-23,5.479907007638658e-23,1.0129525074726004e-22
4.949999999999988,7.472600464961806e-23,5.479907007638658e-23,1.0129525074726004e-22
4.966666666666654,7.472600464961806e-23,5.479907007638658e-23,1.0129525074726004e-22
4.983333333333321,7.306542676851545e-23,5.313849219528396e-23,1.0295582862836266e-22
4.999999999999988,7.306542676851545e-23,5.313849219528396e-23,1.0295582862836266e-22
5.016666666666654,7.306542676851545e-23,5.313849219528396e-23,1.0295582862836266e-22
5.033333333333321,7.306542676851545e-23,5.313849219528396e-23,1.0295582862836266e-22
5.049999999999987,7.306542676851545e-23,5.313849219528396e-23,1.0295582862836266e-22
5.066666666666654,7.306542676851545e-23,5.313849219528396e-23,1.0295582862836266e-22
5.083333333333321,7.306542676851545e-23,5.313849219528396e-23,1.0295582862836266e-22
5.099999999999987,7.306542676851545e-23,5.313849219528396e-23,1.0295582862836266e-22
5.116666666666654,7.306542676851545e-23,5.313849219528396e-23,1.0295582862836266e-22
5.13333333333332,7.306542676851545e-23,5.313849219528396e-23,1.0295582862836266e-22
5.149999999999987,7.306542676851545e-23,5.313849219528396e-23,1.0295582862836266e-22
5.166666666666654,7.306542676851545e-23,5.313849219528396e-23,1.0295582862836266e-22
5.18333333333332,7.306542676851545e-23,5.313849219528396e-23,1.0295582862836266e-22
5.199999999999987,7.306542676851545e-23,5.313849219528396e-23,1.0295582862836266e-22
5.2166666666666535,7.306542676851545e-23,5.313849219528396e-23,1.0295582862836266e-22
5.23333333333332,7.140484888741281e-23,5.147791431418133e-23,1.0461640650946529e-22
5.249999999999987,7.140484888741281e-23,5.147791431418133e-23,1.0461640650946529e-22
5.266666666666653,7.140484888741281e-23,5.147791431418133e-23,1.0461640650946529e-22
5.28333333333332,7.140484888741281e-23,5.147791431418133e-23,1.0461640650946529e-22
5.2999999999999865,7.140484888741281e-23,5.147791431418133e-23,1.0461640650946529e-22
5.316666666666653,7.140484888741281e-23,5.147791431418133e-23,1.0461640650946529e-22
5.33333333333332,7.140484888741281e-23,5.147791431418133e-23,1.0461640650946529e-22
5.349999999999986,7.140484888741281e-23,5.147791431418133e-23,1.0461640650946529e-22
5.366666666666653,6.97442710063102e-23,4.981733643307871e-23,1.0627698439056791e-22
5.3833333333333195,6.97442710063102e-23,4.981733643307871e-23,1.0627698439056791e-22
5.399999999999986,6.97442710063102e-23,4.981733643307871e-23,1.0627698439056791e-22
5.416666666666653,6.97442710063102e-23,4.981733643307871e-23,1.0627698439056791e-22
5.433333333333319,6.97442710063102e-23,4.981733643307871e-23,1.0627698439056791e-22
5.449999999999986,6.808369312520756e-23,4.8156758551976087e-23,1.0793756227167054e-22
5.466666666666653,6.808369312520756e-23,4.8156758551976087e-23,1.0793756227167054e-22
5.483333333333319,6.808369312520756e-23,4.8156758551976087e-23,1.0793756227167054e-22
5.499999999999986,6.808369312520756e-23,4.8156758551976087e-23,1.0793756227167054e-22
5.516666666666652,6.808369312520756e-23,4.8156758551976087e-23,1.0793756227167054e-22
5.533333333333319,6.808369312520756e-23,4.8156758551976087e-23,1.0793756227167054e-22
5.549999999999986,6.808369312520756e-23,4.8156758551976087e-23,1.0793756227167054e-22
5.566666666666652,6.808369312520756e-23,4.8156758551976087e-23,1.0793756227167054e-22
5.583333333333319,6.808369312520756e-23,4.8156758551976087e-23,1.0793756227167054e-22
5.599999999999985,6.642311524410495e-23,4.649618067087346e-23,1.0959814015277315e-22
5.616666666666652,6.642311524410495e-23,4.649618067087346e-23,1.0959814015277315e-22
5.633333333333319,6.642311524410495e-23,4.649618067087346e-23,1.0959814015277315e-22
5.649999999999985,6.642311524410495e-23,4.649618067087346e-23,1.0959814015277315e-22
5.666666666666652,6.642311524410495e-23,4.649618067087346e-23,1.0959814015277315e-22
5.6833333333333185,6.642311524410495e-23,4.649618067087346e-23,1.0959814015277315e-22
5.699999999999985,6.642311524410495e-23,4.649618067087346e-23,1.0959814015277315e-22
5.716666666666652,6.642311524410495e-23,4.649618067087346e-23,1.0959814015277315e-22
5.733333333333318,6.642311524410495e-23,4.649618067087346e-23,1.0959814015277315e-22
5.749999999999985,6.642311524410495e-23,4.649618067087346e-23,1.0959814015277315e-22
5.7666666666666515,6.642311524410495e-23,4.649618067087346e-23,1.0959814015277315e-22
5.783333333333318,6.642311524410495e-23,4.649618067087346e-23,1.0959814015277315e-22
5.799999999999985,6.642311524410495e-23,4.649618067087346e-23,1.0959814015277315e-22
5.816666666666651,6.642311524410495e-23,4.649618067087346e-23,1.0959814015277315e-22
5.833333333333318,6.642311524410495e-23,4.649618067087346e-23,1.0959814015277315e-22
5.8499999999999845,6.642311524410495e-23,4.649618067087346e-23,1.0959814015277315e-22
5.866666666666651,6.642311524410495e-23,4.649618067087346e-23,1.0959814015277315e-22
5.883333333333318,6.642311524410495e-23,4.649618067087346e-23,1.0959814015277315e-22
5.899999999999984,6.642311524410495e-23,4.649618067087346e-23,1.0959814015277315e-22
5.916666666666651,6.642311524410495e-23,4.649618067087346e-23,1.0959814015277315e-22
5.933333333333318,6.642311524410495e-23,4.649618067087346e-23,1.0959814015277315e-22
5.949999999999984,6.642311524410495e-23,4.649618067087346e-23,1.0959814015277315e-22
5.966666666666651,6.642311524410495e-23,4.649618067087346e-23,1.0959814015277315e-22
5.983333333333317,6.642311524410495e-23,4.649618067087346e-23,1.0959814015277315e-22
5.999999999999984,6.642311524410495e-23,4.649618067087346e-23,1.0959814015277315e-22
6.016666666666651,6.642311524410495e-23,4.649618067087346e-23,1.0959814015277315e-22
6.033333333333317,6.476253736300233e-23,4.4835602789770837e-23,1.1125871803387578e-22
6.049999999999984,6.476253736300233e-23,4.4835602789770837e-23,1.1125871803387578e-22
6.06666666666665,6.476253736300233e-23,4.4835602789770837e-23,1.1125871803387578e-22
6.083333333333317,6.476253736300233e-23,4.4835602789770837e-23,1.1125871803387578e-22
6.099999999999984,6.476253736300233e-23,4.4835602789770837e-23,1.1125871803387578e-22
6.11666666666665,6.476253736300233e-23,4.4835602789770837e-23,1.1125871803387578e-22
6.133333333333317,6.476253736300233e-23,4.4835602789770837e-23,1.1125871803387578e-22
6.1499999999999835,6.476253736300233e-23,4.4835602789770837e-23,1.1125871803387578e-22
6.16666666666665,6.476253736300233e-23,4.4835602789770837e-23,1.1125871803387578e-22
6.183333333333317,6.476253736300233e-23,4.4835602789770837e-23,1.1125871803387578e-22
6.199999999999983,6.476253736300233e-23,4.4835602789770837e-23,1.1125871803387578e-22
6.21666666666665,6.476253736300233e-23,4.4835602789770837e-23,1.1125871803387578e-22
6.2333333333333165,6.476253736300233e-23,4.4835602789770837e-23,1.1125871803387578e-22
6.249999999999983,6.476253736300233e-23,4.4835602789770837e-23,1.1125871803387578e-22
6.26666666666665,6.476253736300233e-23,4.4835602789770837e-23,1.1125871803387578e-22
6.283333333333316,6.31019594818997e-23,4.317502490866822e-23,1.1291929591497841e-22
6.299999999999983,6.31019594818997e-23,4.317502490866822e-23,1.1291929591497841e-22
6.3166666666666496,6.31019594818997e-23,4.317502490866822e-23,1.1291929591497841e-22
6.333333333333316,6.31019594818997e-23,4.317502490866822e-23,1.1291929591497841e-22
6.349999999999983,6.31019594818997e-23,4.317502490866822e-23,1.1291929591497841e-22
6.366666666666649,6.31019594818997e-23,4.317502490866822e-23,1.1291929591497841e-22
6.383333333333316,6.31019594818997e-23,4.317502490866822e-23,1.1291929591497841e-22
6.399999999999983,6.31019594818997e-23,4.317502490866822e-23,1.1291929591497841e-22
6.416666666666649,6.31019594818997e-23,4.317502490866822e-23,1.1291929591497841e-22
6.433333333333316,6.31019594818997e-23,4.317502490866822e-23,1.1291929591497841e-22
6.449999999999982,6.31019594818997e-23,4.317502490866822e-23,1.1291929591497841e-22
6.466666666666649,6.31019594818997e-23,4.317502490866822e-23,1.1291929591497841e-22
6.483333333333316,6.31019594818997e-23,4.317502490866822e-23,1.1291929591497841e-22
6.499999999999982,6.31019594818997e-23,4.317502490866822e-23,1.1291929591497841e-22
6.516666666666649,6.31019594818997e-23,4.317502490866822e-23,1.1291929591497841e-22
6.5333333333333155,6.31019594818997e-23,4.317502490866822e-23,1.1291929591497841e-22
6.549999999999982,6.31019594818997e-23,4.317502490866822e-23,1.1291929591497841e-22
6.566666666666649,6.31019594818997e-23,4.317502490866822e-23,1.1291929591497841e-22
6.583333333333315,6.31019594818997e-23,4.317502490866822e-23,1.1291929591497841e-22
6.599999999999982,6.31019594818997e-23,4.317502490866822e-23,1.1291929591497841e-22
6.6166666666666485,6.31019594818997e-23,4.317502490866822e-23,1.1291929591497841e-22
6.633333333333315,6.31019594818997e-23,4.317502490866822e-23,1.1291929591497841e-22
6.649999999999982,6.31019594818997e-23,4.317502490866822e-23,1.1291929591497841e-22
6.666666666666648,6.31019594818997e-23,4.317502490866822e-23,1.1291929591497841e-22
6.683333333333315,6.31019594818997e-23,4.317502490866822e-23,1.1291929591497841e-22
6.6999999999999815,6.31019594818997e-23,4.317502490866822e-23,1.1291929591497841e-22
6.716666666666648,6.31019594818997e-23,4.317502490866822e-23,1.1291929591497841e-22
6.733333333333315,6.31019594818997e-23,4.317502490866822e-23,1.1291929591497841e-22
6.749999999999981,6.31019594818997e-23,4.317502490866822e-23,1.1291929591497841e-22
6.766666666666648,6.31019594818997e-23,4.317502490866822e-23,1.1291929591497841e-22
6.783333333333315,6.31019594818997e-23,4.317502490866822e-23,1.1291929591497841e-22
6.799999999999981,6.31019594818997e-23,4.317502490866822e-23,1.1291929591497841e-22
6.816666666666648,6.31019594818997e-23,4.317502490866822e-23,1.1291929591497841e-22
6.833333333333314,6.31019594818997e-23,4.317502490866822e-23,1.1291929591497841e-22
6.849999999999981,6.144138160079708e-23,4.151444702756559e-23,1.1457987379608102e-22
6.866666666666648,6.144138160079708e-23,4.151444702756559e-23,1.1457987379608102e-22
6.883333333333314,6.144138160079708e-23,4.151444702756559e-23,1.1457987379608102e-22
6.899999999999981,6.144138160079708e-23,4.151444702756559e-23,1.1457987379608102e-22
6.916666666666647,6.144138160079708e-23,4.151444702756559e-23,1.1457987379608102e-22
6.933333333333314,6.144138160079708e-23,4.151444702756559e-23,1.1457987379608102e-22
6.949999999999981,6.144138160079708e-23,4.151444702756559e-23,1.1457987379608102e-22
6.966666666666647,6.144138160079708e-23,4.151444702756559e-23,1.1457987379608102e-22
6.983333333333314,6.144138160079708e-23,4.151444702756559e-23,1.1457987379608102e-22
6.9999999999999805,6.144138160079708e-23,4.151444702756559e-23,1.1457987379608102e-22
7.016666666666647,6.144138160079708e-23,4.151444702756559e-23,1.1457987379608102e-22
7.033333333333314,6.144138160079708e-23,4.151444702756559e-23,1.1457987379608102e-22
7.04999999999998,6.144138160079708e-23,4.151444702756559e-23,1.1457987379608102e-22
7.066666666666647,6.144138160079708e-23,4.151444702756559e-23,1.1457987379608102e-22
7.0833333333333135,6.144138160079708e-23,4.151444702756559e-23,1.1457987379608102e-22
7.09999999999998,6.144138160079708e-23,4.151444702756559e-23,1.1457987379608102e-22
7.116666666666647,6.144138160079708e-23,4.151444702756559e-23,1.1457987379608102e-22
7.133333333333313,6.144138160079708e-23,4.151444702756559e-23,1.1457987379608102e-22
7.14999999999998,6.144138160079708e-23,4.151444702756559e-23,1.1457987379608102e-22
7.1666666666666465,6.144138160079708e-23,4.151444702756559e-23,1.1457987379608102e-22
7.183333333333313,6.144138160079708e-23,4.151444702756559e-23,1.1457987379608102e-22
7.19999999999998,6.144138160079708e-23,4.151444702756559e-23,1.1457987379608102e-22
7.216666666666646,5.978080371969446e-23,3.985386914646297e-23,1.1624045167718365e-22
7.233333333333313,5.978080371969446e-23,3.985386914646297e-23,1.1624045167718365e-22
7.24999999999998,5.978080371969446e-23,3.985386914646297e-23,1.1624045167718365e-22
7.266666666666646,5.978080371969446e-23,3.985386914646297e-23,1.1624045167718365e-22
7.283333333333313,5.978080371969446e-23,3.985386914646297e-23,1.1624045167718365e-22
7.299999999999979,5.978080371969446e-23,3.985386914646297e-23,1.1624045167718365e-22
7.316666666666646,5.978080371969446e-23,3.985386914646297e-23,1.1624045167718365e-22
7.333333333333313,5.978080371969446e-23,3.985386914646297e-23,1.1624045167718365e-22
7.349999999999979,5.978080371969446e-23,3.985386914646297e-23,1.1624045167718365e-22
7.366666666666646,5.978080371969446e-23,3.985386914646297e-23,1.1624045167718365e-22
7.383333333333312,5.812022583859183e-23,3.819329126536034e-23,1.1790102955828628e-22
7.399999999999979,5.812022583859183e-23,3.819329126536034e-23,1.1790102955828628e-22
7.416666666666646,5.812022583859183e-23,3.819329126536034e-23,1.1790102955828628e-22
7.433333333333312,5.645964795748921e-23,3.653271338425772e-23,1.1956160743938891e-22
7.449999999999979,5.645964795748921e-23,3.653271338425772e-23,1.1956160743938891e-22
7.4666666666666455,5.645964795748921e-23,3.653271338425772e-23,1.1956160743938891e-22
7.483333333333312,5.479907007638658e-23,3.48721355031551e-23,1.2122218532049152e-22
7.499999999999979,5.479907007638658e-23,3.48721355031551e-23,1.2122218532049152e-22
7.516666666666645,5.479907007638658e-23,3.48721355031551e-23,1.2122218532049152e-22
7.533333333333312,5.479907007638658e-23,3.48721355031551e-23,1.2122218532049152e-22
7.5499999999999785,5.479907007638658e-23,3.48721355031551e-23,1.2122218532049152e-22
7.566666666666645,5.479907007638658e-23,3.48721355031551e-23,1.2122218532049152e-22
7.583333333333312,5.479907007638658e-23,3.48721355031551e-23,1.2122218532049152e-22
7.599999999999978,5.313849219528396e-23,3.321155762205247e-23,1.2288276320159415e-22
7.616666666666645,5.147791431418133e-23,3.155097974094985e-23,1.2454334108269678e-22
7.6333333333333115,5.147791431418133e-23,3.155097974094985e-23,1.2454334108269678e-22
7.649999999999978,5.147791431418133e-23,3.155097974094985e-23,1.2454334108269678e-22
7.666666666666645,5.147791431418133e-23,3.155097974094985e-23,1.2454334108269678e-22
7.683333333333311,5.147791431418133e-23,3.155097974094985e-23,1.2454334108269678e-22
7.699999999999978,5.147791431418133e-23,3.155097974094985e-23,1.2454334108269678e-22
7.716666666666645,5.147791431418133e-23,3.155097974094985e-23,1.2454334108269678e-22
7.733333333333311,5.147791431418133e-23,3.155097974094985e-23,1.2454334108269678e-22
7.749999999999978,5.147791431418133e-23,3.155097974094985e-23,1.2454334108269678e-22
7.766666666666644,5.147791431418133e-23,3.155097974094985e-23,1.2454334108269678e-22
7.783333333333311,5.147791431418133e-23,3.155097974094985e-23,1.2454334108269678e-22
7.799999999999978,5.147791431418133e-23,3.155097974094985e-23,1.2454334108269678e-22
7.816666666666644,5.147791431418133e-23,3.155097974094985e-23,1.2454334108269678e-22
7.833333333333311,5.147791431418133e-23,3.155097974094985e-23,1.2454334108269678e-22
7.849999999999977,4.8156758551976087e-23,2.8229823978744603e-23,1.2786449684490202e-22
7.866666666666644,4.8156758551976087e-23,2.8229823978744603e-23,1.2786449684490202e-22
7.883333333333311,4.8156758551976087e-23,2.8229823978744603e-23,1.2786449684490202e-22
7.899999999999977,4.8156758551976087e-23,2.8229823978744603e-23,1.2786449684490202e-22
7.916666666666644,4.8156758551976087e-23,2.8229823978744603e-23,1.2786449684490202e-22
7.9333333333333105,4.8156758551976087e-23,2.8229823978744603e-23,1.2786449684490202e-22
7.949999999999977,4.8156758551976087e-23,2.8229823978744603e-23,1.2786449684490202e-22
7.966666666666644,4.8156758551976087e-23,2.8229823978744603e-23,1.2786449684490202e-22
7.98333333333331,4.8156758551976087e-23,2.8229823978744603e-23,1.2786449684490202e-22
7.999999999999977,4.8156758551976087e-23,2.8229823978744603e-23,1.2786449684490202e-22
8.016666666666644,4.8156758551976087e-23,2.8229823978744603e-23,1.2786449684490202e-22
8.033333333333312,4.8156758551976087e-23,2.8229823978744603e-23,1.2786449684490202e-22
8.04999999999998,4.8156758551976087e-23,2.8229823978744603e-23,1.2786449684490202e-22
8.066666666666647,4.8156758551976087e-23,2.8229823978744603e-23,1.2786449684490202e-22
8.083333333333314,4.8156758551976087e-23,2.8229823978744603e-23,1.2786449684490202e-22
8.099999999999982,4.8156758551976087e-23,2.8229823978744603e-23,1.2786449684490202e-22
8.11666666666665,4.8156758551976087e-23,2.8229823978744603e-23,1.2786449684490202e-22
8.133333333333317,4.8156758551976087e-23,2.8229823978744603e-23,1.2786449684490202e-22
8.149999999999984,4.8156758551976087e-23,2.8229823978744603e-23,1.2786449684490202e-22
8.166666666666652,4.8156758551976087e-23,2.8229823978744603e-23,1.2786449684490202e-22
8.18333333333332,4.649618067087346e-23,2.656924609764198e-23,1.2952507472600465e-22
8.199999999999987,4.649618067087346e-23,2.656924609764198e-23,1.2952507472600465e-22
8.216666666666654,4.649618067087346e-23,2.656924609764198e-23,1.2952507472600465e-22
8.233333333333322,4.649618067087346e-23,2.656924609764198e-23,1.2952507472600465e-22
8.24999999999999,4.649618067087346e-23,2.656924609764198e-23,1.2952507472600465e-22
8.266666666666657,4.649618067087346e-23,2.656924609764198e-23,1.2952507472600465e-22
8.283333333333324,4.649618067087346e-23,2.656924609764198e-23,1.2952507472600465e-22
8.299999999999992,4.649618067087346e-23,2.656924609764198e-23,1.2952507472600465e-22
8.31666666666666,4.649618067087346e-23,2.656924609764198e-23,1.2952507472600465e-22
8.333333333333327,4.649618067087346e-23,2.656924609764198e-23,1.2952507472600465e-22
8.349999999999994,4.649618067087346e-23,2.656924609764198e-23,1.2952507472600465e-22
8.366666666666662,4.649618067087346e-23,2.656924609764198e-23,1.2952507472600465e-22
8.38333333333333,4.649618067087346e-23,2.656924609764198e-23,1.2952507472600465e-22
8.399999999999997,4.649618067087346e-23,2.656924609764198e-23,1.2952507472600465e-22
8.416666666666664,4.649618067087346e-23,2.656924609764198e-23,1.2952507472600465e-22
8.433333333333332,4.649618067087346e-23,2.656924609764198e-23,1.2952507472600465e-22
8.45,4.649618067087346e-23,2.656924609764198e-23,1.2952507472600465e-22
8.466666666666667,4.649618067087346e-23,2.656924609764198e-23,1.2952507472600465e-22
8.483333333333334,4.649618067087346e-23,2.656924609764198e-23,1.2952507472600465e-22
8.500000000000002,4.649618067087346e-23,2.656924609764198e-23,1.2952507472600465e-22
8.51666666666667,4.649618067087346e-23,2.656924609764198e-23,1.2952507472600465e-22
8.533333333333337,4.649618067087346e-23,2.656924609764198e-23,1.2952507472600465e-22
8.550000000000004,4.649618067087346e-23,2.656924609764198e-23,1.2952507472600465e-22
8.566666666666672,4.649618067087346e-23,2.656924609764198e-23,1.2952507472600465e-22
8.58333333333334,4.649618067087346e-23,2.656924609764198e-23,1.2952507472600465e-22
8.600000000000007,4.649618067087346e-23,2.656924609764198e-23,1.2952507472600465e-22
8.616666666666674,4.649618067087346e-23,2.656924609764198e-23,1.2952507472600465e-22
8.633333333333342,4.649618067087346e-23,2.656924609764198e-23,1.2952507472600465e-22
8.65000000000001,4.649618067087346e-23,2.656924609764198e-23,1.2952507472600465e-22
8.666666666666677,4.649618067087346e-23,2.656924609764198e-23,1.2952507472600465e-22
8.683333333333344,4.649618067087346e-23,2.656924609764198e-23,1.2952507472600465e-22
8.700000000000012,4.649618067087346e-23,2.656924609764198e-23,1.2952507472600465e-22
8.71666666666668,4.649618067087346e-23,2.656924609764198e-23,1.2952507472600465e-22
8.733333333333347,4.649618067087346e-23,2.656924609764198e-23,1.2952507472600465e-22
8.750000000000014,4.649618067087346e-23,2.656924609764198e-23,1.2952507472600465e-22
8.766666666666682,4.649618067087346e-23,2.656924609764198e-23,1.2952507472600465e-22
8.78333333333335,4.649618067087346e-23,2.656924609764198e-23,1.2952507472600465e-22
8.800000000000017,4.649618067087346e-23,2.656924609764198e-23,1.2952507472600465e-22
8.816666666666684,4.649618067087346e-23,2.656924609764198e-23,1.2952507472600465e-22
8.833333333333352,4.649618067087346e-23,2.656924609764198e-23,1.2952507472600465e-22
8.85000000000002,4.649618067087346e-23,2.656924609764198e-23,1.2952507472600465e-22
8.866666666666687,4.649618067087346e-23,2.656924609764198e-23,1.2952507472600465e-22
8.883333333333354,4.649618067087346e-23,2.656924609764198e-23,1.2952507472600465e-22
8.900000000000022,4.649618067087346e-23,2.656924609764198e-23,1.2952507472600465e-22
8.91666666666669,4.649618067087346e-23,2.656924609764198e-23,1.2952507472600465e-22
8.933333333333357,4.649618067087346e-23,2.656924609764198e-23,1.2952507472600465e-22
8.950000000000024,4.649618067087346e-23,2.656924609764198e-23,1.2952507472600465e-22
8.966666666666692,4.649618067087346e-23,2.656924609764198e-23,1.2952507472600465e-22
8.98333333333336,4.649618067087346e-23,2.656924609764198e-23,1.2952507472600465e-22
9.000000000000027,4.649618067087346e-23,2.656924609764198e-23,1.2952507472600465e-22
9.016666666666694,4.649618067087346e-23,2.656924609764198e-23,1.2952507472600465e-22
9.033333333333362,4.649618067087346e-23,2.656924609764198e-23,1.2952507472600465e-22
9.05000000000003,4.649618067087346e-23,2.656924609764198e-23,1.2952507472600465e-22
9.066666666666697,4.649618067087346e-23,2.656924609764198e-23,1.2952507472600465e-22
9.083333333333364,4.649618067087346e-23,2.656924609764198e-23,1.2952507472600465e-22
9.100000000000032,4.649618067087346e-23,2.656924609764198e-23,1.2952507472600465e-22
9.1166666666667,4.649618067087346e-23,2.656924609764198e-23,1.2952507472600465e-22
9.133333333333367,4.649618067087346e-23,2.656924609764198e-23,1.2952507472600465e-22
9.150000000000034,4.649618067087346e-23,2.656924609764198e-23,1.2952507472600465e-22
9.166666666666702,4.649618067087346e-23,2.656924609764198e-23,1.2952507472600465e-22
9.183333333333369,4.649618067087346e-23,2.656924609764198e-23,1.2952507472600465e-22
9.200000000000037,4.649618067087346e-23,2.656924609764198e-23,1.2952507472600465e-22
9.216666666666704,4.649618067087346e-23,2.656924609764198e-23,1.2952507472600465e-22
9.233333333333372,4.649618067087346e-23,2.656924609764198e-23,1.2952507472600465e-22
9.250000000000039,4.649618067087346e-23,2.656924609764198e-23,1.2952507472600465e-22
9.266666666666707,4.649618067087346e-23,2.656924609764198e-23,1.2952507472600465e-22
9.283333333333374,4.649618067087346e-23,2.656924609764198e-23,1.2952507472600465e-22
9.300000000000042,4.649618067087346e-23,2.656924609764198e-23,1.2952507472600465e-22
9.316666666666709,4.649618067087346e-23,2.656924609764198e-23,1.2952507472600465e-22
9.333333333333377,4.649618067087346e-23,2.656924609764198e-23,1.2952507472600465e-22
9.350000000000044,4.649618067087346e-23,2.656924609764198e-23,1.2952507472600465e-22
9.366666666666712,4.649618067087346e-23,2.656924609764198e-23,1.2952507472600465e-22
9.383333333333379,4.649618067087346e-23,2.656924609764198e-23,1.2952507472600465e-22
9.400000000000047,4.649618067087346e-23,2.656924609764198e-23,1.2952507472600465e-22
9.416666666666714,4.649618067087346e-23,2.656924609764198e-23,1.2952507472600465e-22
9.433333333333382,4.649618067087346e-23,2.656924609764198e-23,1.2952507472600465e-22
9.450000000000049,4.649618067087346e-23,2.656924609764198e-23,1.2952507472600465e-22
9.466666666666717,4.649618067087346e-23,2.656924609764198e-23,1.2952507472600465e-22
9.483333333333384,4.649618067087346e-23,2.656924609764198e-23,1.2952507472600465e-22
9.500000000000052,4.649618067087346e-23,2.656924609764198e-23,1.2952507472600465e-22
9.516666666666719,4.649618067087346e-23,2.656924609764198e-23,1.2952507472600465e-22
9.533333333333387,4.649618067087346e-23,2.656924609764198e-23,1.2952507472600465e-22
9.550000000000054,4.649618067087346e-23,2.656924609764198e-23,1.2952507472600465e-22
9.566666666666721,4.649618067087346e-23,2.656924609764198e-23,1.2952507472600465e-22
9.583333333333389,4.649618067087346e-23,2.656924609764198e-23,1.2952507472600465e-22
9.600000000000056,4.649618067087346e-23,2.656924609764198e-23,1.2952507472600465e-22
9.616666666666724,4.649618067087346e-23,2.656924609764198e-23,1.2952507472600465e-22
9.633333333333391,4.649618067087346e-23,2.656924609764198e-23,1.2952507472600465e-22
9.650000000000059,4.649618067087346e-23,2.656924609764198e-23,1.2952507472600465e-22
9.666666666666726,4.649618067087346e-23,2.656924609764198e-23,1.2952507472600465e-22
9.683333333333394,4.649618067087346e-23,2.656924609764198e-23,1.2952507472600465e-22
9.700000000000061,4.649618067087346e-23,2.656924609764198e-23,1.2952507472600465e-22
9.716666666666729,4.649618067087346e-23,2.656924609764198e-23,1.2952507472600465e-22
9.733333333333396,4.649618067087346e-23,2.656924609764198e-23,1.2952507472600465e-22
9.750000000000064,4.649618067087346e-23,2.656924609764198e-23,1.2952507472600465e-22
9.766666666666731,4.649618067087346e-23,2.656924609764198e-23,1.2952507472600465e-22
9.783333333333399,4.649618067087346e-23,2.656924609764198e-23,1.2952507472600465e-22
9.800000000000066,4.649618067087346e-23,2.656924609764198e-23,1.2952507472600465e-22
9.816666666666734,4.649618067087346e-23,2.656924609764198e-23,1.2952507472600465e-22
9.833333333333401,4.649618067087346e-23,2.656924609764198e-23,1.2952507472600465e-22
9.850000000000069,4.649618067087346e-23,2.656924609764198e-23,1.2952507472600465e-22
9.866666666666736,4.649618067087346e-23,2.656924609764198e-23,1.2952507472600465e-22
9.883333333333404,4.649618067087346e-23,2.656924609764198e-23,1.2952507472600465e-22
9.900000000000071,4.649618067087346e-23,2.656924609764198e-23,1.2952507472600465e-22
9.916666666666739,4.649618067087346e-23,2.656924609764198e-23,1.2952507472600465e-22
9.933333333333406,4.649618067087346e-23,2.656924609764198e-23,1.2952507472600465e-22
9.950000000000074,4.649618067087346e-23,2.656924609764198e-23,1.2952507472600465e-22
9.966666666666741,4.649618067087346e-23,2.656924609764198e-23,1.2952507472600465e-22
9.983333333333409,4.4835602789770837e-23,2.4908668216539356e-23,1.3118565260710726e-22
10.000000000000076,4.4835602789770837e-23,2.4908668216539356e-23,1.3118565260710726e-22
10.016666666666744,4.4835602789770837e-23,2.4908668216539356e-23,1.3118565260710726e-22
10.033333333333411,4.4835602789770837e-23,2.4908668216539356e-23,1.3118565260710726e-22
10.050000000000079,4.4835602789770837e-23,2.4908668216539356e-23,1.3118565260710726e-22
10.066666666666746,4.4835602789770837e-23,2.4908668216539356e-23,1.3118565260710726e-22
10.083333333333414,4.4835602789770837e-23,2.4908668216539356e-23,1.3118565260710726e-22
10.100000000000081,4.4835602789770837e-23,2.4908668216539356e-23,1.3118565260710726e-22
10.116666666666749,4.4835602789770837e-23,2.4908668216539356e-23,1.3118565260710726e-22
10.133333333333416,4.4835602789770837e-23,2.4908668216539356e-23,1.3118565260710726e-22
10.150000000000084,4.4835602789770837e-23,2.4908668216539356e-23,1.3118565260710726e-22
10.166666666666751,4.4835602789770837e-23,2.4908668216539356e-23,1.3118565260710726e-22
10.183333333333419,4.4835602789770837e-23,2.4908668216539356e-23,1.3118565260710726e-22
10.200000000000086,4.4835602789770837e-23,2.4908668216539356e-23,1.3118565260710726e-22
10.216666666666754,4.4835602789770837e-23,2.4908668216539356e-23,1.3118565260710726e-22
10.233333333333421,4.4835602789770837e-23,2.4908668216539356e-23,1.3118565260710726e-22
10.250000000000089,4.4835602789770837e-23,2.4908668216539356e-23,1.3118565260710726e-22
10.266666666666756,4.4835602789770837e-23,2.4908668216539356e-23,1.3118565260710726e-22
10.283333333333424,4.4835602789770837e-23,2.4908668216539356e-23,1.3118565260710726e-22
10.300000000000091,4.4835602789770837e-23,2.4908668216539356e-23,1.3118565260710726e-22
